Proposed Term,Abbreviation,For TMHCC Type(s),Why Needed
Lasering,,Medical stop-loss,Stop-loss carriers set a higher deductible for a known high-cost member; learners meet it at every renewal.
Specific Deductible,,Medical stop-loss,The per-person amount the employer pays before specific stop-loss pays; the core number on every quote.
Aggregate Attachment Point,,Medical stop-loss,The total-claims threshold (usually 120-125% of expected claims) where aggregate stop-loss starts paying.
Stop-Loss Contract Basis,,Medical stop-loss,"Explains 12/12, 12/15 and paid contracts, which decide which claims count toward the policy year."
Run-In Claims,,Medical stop-loss,Claims incurred before the contract starts but paid during it; key to understanding contract basis.
Run-Out Claims,,Medical stop-loss,Claims incurred during the contract but paid after it ends; a common gap at stop-loss renewal.
Medical Stop-Loss Captive,,Medical stop-loss captive,Name of a TMHCC type with no glossary entry: employers share a stop-loss layer through a captive.
Organ Transplant Carve-Out,,Organ transplant carve-out,Name of a TMHCC type with no glossary entry: transplant costs moved off a self-funded plan to an insurer.
Cell and Gene Therapy Carve-Out,,Cell & gene therapy carve-out,Name of a TMHCC type with no glossary entry: insures very high one-off gene therapy costs.
Carve-Out,,Organ transplant carve-out; Cell & gene therapy carve-out,General idea of removing a benefit or risk from a plan and covering it separately.
Multiemployer Plan,,Multiemployer (Taft-Hartley) health plan,A union trust plan covering workers of many employers; the TMHCC Taft-Hartley product depends on it.
Medicare Medical Savings Account,MSA,Medicare MSA,Medicare Advantage plan pairing a high deductible with a CMS-funded account; TMHCC sells it.
Group Medical Gap Insurance,,Group medical gap,Name of a TMHCC type: pays part of a high-deductible plan member's out-of-pocket costs.
Non-Appearance Insurance,,Non-appearance; Event cancellation,Pays when a key performer or speaker fails to appear; a core contingency product.
Prize Indemnity Insurance,,Prize indemnity,Covers the cost of paying a prize (e.g. hole-in-one) if a contestant wins.
Hole-in-One Insurance,,Prize indemnity,The best-known prize indemnity product; a common learner example.
Over-Redemption Insurance,,Over-redemption,Covers a promoter when more coupons or rebates are redeemed than expected.
Weather Insurance,,Event weather; Weather promotion; Weather cost containment / income stabilization,"Pays when measured rain, snow or temperature crosses an agreed trigger; no general term exists."
Weather Promotion Insurance,,Weather promotion,"Covers a retailer's refund promise tied to weather (e.g. ""snow on Christmas, your money back"")."
Contractual Bonus Insurance,,Contractual bonus,Covers a team or sponsor that owes a bonus if a player or team hits a performance target.
Game Promotion Bond,,Game promotion bond,Surety bond some states require from sweepstakes sponsors to guarantee prizes are awarded.
Film Production Insurance,,Film / commercial production,"Package covering cast, props, equipment and delays for film and commercial shoots."
Cast Insurance,,Film / commercial production,Pays extra production costs when a key cast member is ill or injured; central to production cover.
Communicable Disease Exclusion,,Event cancellation; Wedding / private event cancellation; Travel medical,Standard post-COVID exclusion that decides most event cancellation claims.
Amateur Sports Insurance,,Amateur sports package,"Name of a TMHCC type: accident and liability cover for leagues, teams and clubs."
Special Event Liability,,Special event liability,Short-term liability cover for a one-off event; a TMHCC type with no glossary entry.
Tenant User Liability Insurance Program,TULIP,Tenant user liability (TULIP),Venue-required liability cover for people renting a facility for an event.
Political Risk Insurance,PRI,"Political risk (CEND, contract frustration, political violence)","The parent line for CEND, contract frustration and political violence has no glossary entry."
"Confiscation, Expropriation, Nationalization and Deprivation",CEND,"Political risk (CEND, contract frustration, political violence)",The core political risk cover for assets seized or taken by a foreign government.
Contract Frustration,,"Political risk (CEND, contract frustration, political violence)",Covers losses when a government buyer or government action stops a contract being performed.
Political Violence Insurance,,"Political risk (CEND, contract frustration, political violence)","Covers damage and BI from war, terrorism, riot and civil commotion; a TMHCC product."
Sovereign Non-Payment,,Sovereign non-payment,Covers a lender or exporter when a government buyer fails to pay; a proposed new type.
Non-Trade Credit Insurance,,Non-trade credit,Covers banks and lenders against borrower non-payment; a proposed new type.
Whole Turnover Policy,,Trade credit,The standard trade credit structure insuring all of a seller's buyers.
Key Account Policy,,Trade credit,Trade credit covering only named major buyers; a TMHCC product.
Credit Limit,,Trade credit,The maximum the insurer will cover for each buyer; central to trade credit underwriting.
Protracted Default,,Trade credit; Sovereign non-payment,A buyer that simply does not pay after a waiting period; one of the two main trade credit triggers.
Insured Percentage,,"Trade credit; Political risk (CEND, contract frustration, political violence)",The share of a loss the insurer pays (often 90%); every credit and political risk policy has one.
Active Assailant Insurance,,Active assailant,"Name of a TMHCC type: crisis costs, BI and liability after an attack by an armed person."
Crisis Management Coverage,,Active assailant; Kidnap & ransom; Product contamination,Pays for expert crisis responders and PR; a shared feature of TMHCC crisis products.
Extortion,,Kidnap & ransom; Business cyber,"A threat to harm people, property or systems unless paid; a core K&R insuring clause."
Maritime Piracy Insurance,,Maritime piracy,K&R cover for ship crews and owners; a proposed new type.
Accidental Contamination,,Product contamination; Restaurant recovery,Unintended contamination of a product; one of the main product contamination triggers.
Malicious Product Tampering,,Product contamination,Deliberate tampering with a product; a core product contamination insuring clause.
Government Recall,,Product contamination,A recall ordered by a regulator such as FDA or USDA; a common contamination trigger.
Energy Insurance,,Energy (oil & gas),Name of a whole TMHCC line with no glossary entry: package cover for oil and gas operators.
Control of Well,COW,Energy (oil & gas),Pays to regain control of a blown-out well; the signature oil and gas cover.
Operators Extra Expense,OEE,Energy (oil & gas),The usual US market name for control of well plus redrill and seepage cover.
Seepage and Pollution Coverage,,Energy (oil & gas),Clean-up and liability for oil that escapes during a well incident.
Renewable Energy Insurance,,Renewable energy,"Name of a TMHCC type: construction and operating cover for wind, solar and storage projects."
Delay in Start-Up,DSU,Renewable energy; Energy (oil & gas),Lost revenue when a project's completion is delayed by an insured loss; key for project finance.
Plugging and Abandonment Bond,,Oil & gas bonds,Guarantees an operator will plug old wells; the main oil and gas surety bond.
Financial Institution Bond,FIB,Financial institution bond,Name of a TMHCC type: crime cover for banks and credit unions; no glossary entry.
Computer Fraud Coverage,,Commercial crime; Financial institution bond,Insuring agreement for theft by fraudulent computer entry; standard on crime forms.
Funds Transfer Fraud,,Commercial crime; Financial institution bond,Insuring agreement for fraudulent instructions to a bank; often confused with social engineering.
Forgery or Alteration Coverage,,Commercial crime; Financial institution bond,Insuring agreement for forged or altered checks and instruments.
Discovery Form,,Commercial crime; Financial institution bond,"Crime trigger: covers losses discovered during the policy period, whenever they happened."
Loss Sustained Form,,Commercial crime; Financial institution bond,Crime trigger: covers losses that happen during the policy period; compare with discovery form.
Pending and Prior Litigation Exclusion,,Directors & officers; Employment practices liability; Fiduciary liability,Removes claims tied to lawsuits filed before a set date; on almost every management liability policy.
Change in Control Clause,,Directors & officers; Fiduciary liability,Turns a D&O policy into run-off cover when the company is sold; matters for M&A and R&W.
Allocation,,Directors & officers,Splitting defense and settlement costs between covered and uncovered parties or claims.
Consent to Settle Clause,,Directors & officers; Employment practices liability; Technology E&O; Miscellaneous PL,Lets the insured refuse a settlement; also called the hammer clause. Central to PL claims handling.
Wage and Hour Exclusion,,Employment practices liability,The most-discussed EPL exclusion; often offered back as a defense-cost sublimit.
Settlor Function,,Fiduciary liability,Plan design decisions that fiduciary policies treat differently from administration.
Public Officials Liability,POL,Public officials liability,Name of a TMHCC type: the D&O equivalent for elected and appointed officials.
Public Entity Insurance,,Public entity package,"Name of a TMHCC line: package cover for towns, counties, districts and fire departments."
Public Entity Risk Pool,,Public entity package,Governments sharing risk in a pool; most US public entities insure this way.
Law Enforcement Liability,LEL,Public entity package,Civil rights and misconduct claims against police; a core part of public entity packages.
Contractors Professional Liability,CPL,Contractors professional liability,Name of a TMHCC type: design and construction management errors by contractors.
Medical Billing Errors and Omissions,,Medical billing E&O,Name of a TMHCC type: billing and coding errors by medical billing firms.
Architects and Engineers Professional Liability,,Architects & engineers PL,Name of a TMHCC type with no glossary entry (A&E abbreviation is taken by Asbestos and Environmental).
Accountants Professional Liability,,Accountants E&O,Name of a TMHCC type with no glossary entry.
Real Estate Errors and Omissions,,Real estate E&O,"Name of a TMHCC type: errors by agents, brokers and property managers."
Miscellaneous Professional Liability,MPL,Miscellaneous PL,Name of a TMHCC type: E&O for consultants and other professions without a dedicated form.
Allied Healthcare Professional Liability,,Allied healthcare PL,Malpractice cover for non-physician health workers; a TMHCC type.
Sexual Abuse and Molestation Liability,SAM,Sexual abuse & molestation liability,Standalone cover bought because the CGL usually excludes abuse claims; a TMHCC type.
Abuse and Molestation Exclusion,,Sexual abuse & molestation liability; Contractors general liability,The CGL exclusion that creates the need for standalone abuse cover.
Tenant Discrimination Liability,,Tenant discrimination,Name of a TMHCC type: Fair Housing claims against landlords and property managers.
Fair Housing Act,FHA,Tenant discrimination,The federal law behind tenant discrimination claims.
Travel Medical Insurance,,Travel medical; International student medical,Overseas medical cover is TMHCC's main travel product; only general travel insurance exists.
Trip Interruption Insurance,,Trip cancellation / interruption,Covers unused and extra costs when a trip is cut short; paired with trip cancellation.
Annual Multi-Trip Travel Insurance,,Annual multi-trip travel,Name of a TMHCC type: one policy covering every trip in a year.
International Student Health Insurance,,International student medical,Name of a TMHCC type: medical cover meeting US visa and school requirements.
Repatriation of Remains,,Travel medical,Standard travel medical benefit to bring a body home; shown on every plan summary.
High-Limit Disability Insurance,,High-limit disability,Name of a TMHCC type: disability cover above what traditional carriers will issue.
Permanent Total Disability,PTD,High-limit disability; Athlete disability,The lump-sum trigger used in high-limit and athlete disability policies.
Temporary Total Disability,TTD,High-limit disability; Athlete disability,The monthly-benefit trigger used alongside PTD in high-limit disability.
Key Person Disability Insurance,,Key person disability,Name of a TMHCC type: pays a business when a key person cannot work.
Disability Buy-Out Insurance,,Buy-sell disability,Funds a buy-sell agreement when an owner becomes disabled; a TMHCC type.
Athlete Disability Insurance,,Athlete disability,Career-ending injury cover for pro and college athletes; a TMHCC type.
Sue and Labor Clause,,Marine cargo; Marine hull,Requires and pays for steps to reduce a marine loss; on every hull and cargo form.
Collision Liability Clause,,Marine hull,Hull cover for damage the insured vessel causes to another ship (running down clause).
Open Cargo Policy,,Marine cargo,The standard way cargo is insured: one policy covering all shipments declared under it.
Non-Owned Aircraft Liability,,Aviation hull & liability,Liability cover for pilots who rent or borrow aircraft; a TMHCC (Avemco) type.
Airport Liability Insurance,,Aviation hull & liability,Name of a TMHCC type: liability for airport owners and operators.
Pilot Warranty,,Aviation hull & liability,Names the pilots and experience needed for cover to apply; breaches void aviation claims.
Residual Value Insurance,RVI,Residual value,Name of a TMHCC type: guarantees an asset's value at lease end.
Financial Guaranty Insurance,,Structured / financial guaranty,Guarantees payment on bonds and structured debt; the parent of TMHCC structured products.
Tax Liability Insurance,,Structured / financial guaranty; Transactional R&W,Covers a known tax position being challenged; used in deals and tax credit transfers.
Mortgage Credit Risk Transfer,CRT,Mortgage (re)insurance,How mortgage insurers and the GSEs pass default risk to (re)insurers such as TMHCC.
Loan-to-Value Ratio,LTV,Mortgage (re)insurance,The key rating and trigger figure in mortgage insurance.
Representations and Warranties Insurance,RWI,Transactional R&W,Name of a TMHCC type: covers breaches of seller promises in an M&A deal.
Buy-Side Policy,,Transactional R&W,"The usual R&W structure, bought by the acquirer; explains who claims against whom."
Materiality Scrape,,Transactional R&W,Removes materiality qualifiers when measuring a breach; a core R&W wording concept.
Interim Breach,,Transactional R&W,Breach arising between signing and closing; a key R&W coverage boundary.
Penal Sum,,Surety (contract & commercial bonds),The maximum a surety will pay under a bond; the surety equivalent of a limit.
Contract Surety Bond,,Surety (contract & commercial bonds),"The family of construction bonds (bid, performance, payment); no umbrella term exists."
Court Bond,,Surety (contract & commercial bonds),"Bonds required in lawsuits and estates (appeal, injunction, probate); a TMHCC line."
Probate Bond,,Surety (contract & commercial bonds),Guarantees an executor or guardian handles an estate properly.
Customs Bond,,Surety (contract & commercial bonds),Required by CBP from importers to guarantee duties and compliance; a TMHCC line.
Maintenance Bond,,Surety (contract & commercial bonds),Guarantees repair of defects after a construction project ends.
