Order,ID,Term,Priority,TMHCC Types,Reason
1,accident,Accident,P0,,"Foundation: Policy Wording, High usage"
2,actual-cash-value,Actual Cash Value,P0,,"Foundation: Core Concept, High usage"
3,affordable-care-act,Affordable Care Act,P0,,"Foundation: Regulation, High usage"
4,insurance-agent,Agent,P0,,"Foundation: Distribution, High usage"
5,annuity,Annuity,P0,,"Foundation: Line-Specific, High usage"
6,appeal,Appeal,P0,,"Foundation: Claims, High usage"
7,application,Application,P0,,"Foundation: Lifecycle, High usage"
8,beneficiary,Beneficiary,P0,,"Foundation: Core Concept, High usage"
9,binding,Binding,P0,,"Foundation: Lifecycle, High usage"
10,bodily-injury,Bodily Injury,P0,,"Foundation: Policy Wording, High usage"
11,bodily-injury-liability,Bodily Injury Liability,P0,,"Foundation: Policy Wording, High usage"
12,broker,Broker,P0,,"Foundation: Distribution, High usage"
13,business-owners-policy,Business Owners Policy,P0,,"Foundation: Line-Specific, High usage"
14,cancellation,Cancellation,P0,,"Foundation: Lifecycle, High usage"
15,cash-value,Cash Value,P0,,"Foundation: Line-Specific, High usage"
16,certificate-of-insurance,Certificate of Insurance,P0,Contractors general liability; Special event liability,"Foundation: Distribution, High usage"
17,claim,Claim,P0,,"Foundation: Claims, High usage"
18,claim-denial,Claim Denial,P0,,"Foundation: Claims, High usage"
19,claim-number,Claim Number,P0,,"Foundation: Technology, High usage"
20,claim-settlement,Claim Settlement,P0,,"Foundation: Claims, High usage"
21,claimant,Claimant,P0,,"Foundation: Claims, High usage"
22,claims-adjuster,Claims Adjuster,P0,,"Foundation: Claims, High usage"
23,coinsurance-health,Coinsurance (Health),P0,Group medical gap,"Foundation: Line-Specific, High usage"
24,collision-coverage,Collision Coverage,P0,,"Foundation: Policy Wording, High usage"
25,combined-ratio,Combined Ratio,P0,,"Foundation: Finance & Actuarial, High usage"
26,commercial-auto-insurance,Commercial Auto Insurance,P0,,"Foundation: Line-Specific, High usage"
27,commercial-general-liability,Commercial General Liability,P0,Contractors general liability,"Foundation: Line-Specific, High usage; also P1"
28,commercial-lines,Commercial Lines,P0,,"Foundation: Core Concept, High usage"
29,commercial-property-insurance,Commercial Property Insurance,P0,,"Foundation: Line-Specific, High usage"
30,commission,Commission,P0,,"Foundation: Distribution, High usage"
31,comprehensive-coverage,Comprehensive Coverage,P0,,"Foundation: Policy Wording, High usage"
32,conditions,Conditions,P0,,"Foundation: Policy Wording, High usage"
33,copayment,Copayment,P0,,"Foundation: Line-Specific, High usage"
34,coverage,Coverage,P0,,"Foundation: Core Concept, High usage"
35,death-benefit,Death Benefit,P0,,"Foundation: Line-Specific, High usage"
36,declarations-page,Declarations Page,P0,,"Foundation: Policy Wording, High usage"
37,deductible,Deductible,P0,Group medical gap,"Foundation: Core Concept, High usage"
38,definitions-section,Definitions,P0,,"Foundation: Policy Wording, High usage"
39,depreciation,Depreciation,P0,,"Foundation: Claims, High usage"
40,dwelling-coverage,Dwelling Coverage,P0,,"Foundation: Policy Wording, High usage"
41,effective-date,Effective Date,P0,,"Foundation: Lifecycle, High usage"
42,estimate,Estimate,P0,,"Foundation: Claims, High usage"
43,exclusion,Exclusion,P0,,"Foundation: Policy Wording, High usage"
44,expiration-date,Expiration Date,P0,,"Foundation: Lifecycle, High usage"
45,explanation-of-benefits,Explanation of Benefits,P0,,"Foundation: Claims, High usage"
46,first-notice-of-loss,First Notice of Loss,P0,,"Foundation: Claims, High usage"
47,flood-insurance,Flood Insurance,P0,,"Foundation: Line-Specific, High usage"
48,formulary,Formulary,P0,,"Foundation: Line-Specific, High usage"
49,free-look-period,Free Look Period,P0,,"Foundation: Lifecycle, High usage"
50,general-liability-insurance,General Liability Insurance,P0,Contractors general liability; Special event liability,"Foundation: Line-Specific, High usage; also P1"
51,grace-period,Grace Period,P0,,"Foundation: Lifecycle, High usage"
52,health-insurance,Health Insurance,P0,,"Foundation: Line-Specific, High usage"
53,health-maintenance-organization,Health Maintenance Organization,P0,,"Foundation: Line-Specific, High usage"
54,ho-4,HO-4,P0,,"Foundation: Line-Specific, High usage"
55,homeowners-insurance,Homeowners Insurance,P0,,"Foundation: Line-Specific, High usage"
56,in-force,In Force,P0,,"Foundation: Lifecycle, High usage"
57,in-network,In-Network,P0,,"Foundation: Line-Specific, High usage"
58,installment-plan,Installment Plan,P0,,"Foundation: Lifecycle, High usage"
59,insurance,Insurance,P0,,"Foundation: Core Concept, High usage"
60,insurance-id-card,Insurance ID Card,P0,,"Foundation: Technology, High usage"
61,insurance-policy,Insurance Policy,P0,,"Foundation: Policy Wording, High usage"
62,insured,Insured,P0,,"Foundation: Core Concept, High usage"
63,insurer,Insurer,P0,,"Foundation: Core Concept, High usage"
64,issuance,Issuance,P0,,"Foundation: Lifecycle, High usage"
65,lapse,Lapse,P0,,"Foundation: Lifecycle, High usage"
66,liability,Liability,P0,,"Foundation: Core Concept, High usage"
67,life-insurance,Life Insurance,P0,,"Foundation: Line-Specific, High usage"
68,limit-of-liability,Limit of Liability,P0,,"Foundation: Core Concept, High usage"
69,line-of-business,Line of Business,P0,,"Foundation: Technology, High usage"
70,loss,Loss,P0,,"Foundation: Core Concept, High usage"
71,loss-history,Loss History,P0,,"Foundation: Underwriting, High usage"
72,medicaid,Medicaid,P0,,"Foundation: Line-Specific, High usage"
73,medicare,Medicare,P0,Medicare MSA,"Foundation: Line-Specific, High usage"
74,named-insured,Named Insured,P0,,"Foundation: Policy Wording, High usage"
75,new-business,New Business,P0,,"Foundation: Lifecycle, High usage"
76,non-renewal,Non-Renewal,P0,,"Foundation: Lifecycle, High usage"
77,notice-of-loss,Notice of Loss,P0,,"Foundation: Claims, High usage"
78,open-enrollment-period,Open Enrollment Period,P0,,"Foundation: Lifecycle, High usage"
79,out-of-network,Out-of-Network,P0,,"Foundation: Line-Specific, High usage"
80,out-of-pocket-maximum,Out-of-Pocket Maximum,P0,Group medical gap,"Foundation: Line-Specific, High usage"
81,peril,Peril,P0,,"Foundation: Core Concept, High usage"
82,personal-auto-policy,Personal Auto Policy,P0,,"Foundation: Line-Specific, High usage"
83,personal-lines,Personal Lines,P0,,"Foundation: Core Concept, High usage"
84,personal-property-coverage,Personal Property Coverage,P0,,"Foundation: Policy Wording, High usage"
85,policy-number,Policy Number,P0,,"Foundation: Technology, High usage"
86,policy-period,Policy Period,P0,,"Foundation: Policy Wording, High usage"
87,policy-status,Policy Status,P0,,"Foundation: Technology, High usage"
88,policyholder,Policyholder,P0,,"Foundation: Core Concept, High usage"
89,pre-existing-condition,Pre-Existing Condition,P0,Travel medical,"Foundation: Underwriting, High usage; also P1"
90,preferred-provider-organization,Preferred Provider Organization,P0,,"Foundation: Line-Specific, High usage"
91,premium,Premium,P0,,"Foundation: Core Concept, High usage"
92,property-and-casualty,Property and Casualty,P0,,"Foundation: Core Concept, High usage"
93,property-damage,Property Damage,P0,,"Foundation: Policy Wording, High usage"
94,property-damage-liability,Property Damage Liability,P0,,"Foundation: Policy Wording, High usage"
95,provider-network,Provider Network,P0,Medical stop-loss; Multiemployer (Taft-Hartley) health plan; Organ transplant carve-out; Cell & gene therapy carve-out,"Foundation: Line-Specific, High usage"
96,quote,Quote,P0,,"Foundation: Lifecycle, High usage"
97,reinsurance,Reinsurance,P0,Mortgage (re)insurance; Title (re)insurance; Crop; Medical stop-loss captive,"Foundation: Reinsurance, High usage"
98,renewal,Renewal,P0,,"Foundation: Lifecycle, High usage"
99,replacement-cost,Replacement Cost,P0,,"Foundation: Core Concept, High usage"
100,return-premium,Return Premium,P0,,"Foundation: Lifecycle, High usage"
101,risk,Risk,P0,,"Foundation: Core Concept, High usage"
102,schedule,Schedule,P0,,"Foundation: Policy Wording, High usage"
103,state-department-of-insurance,State Department of Insurance,P0,,"Foundation: Regulation, High usage"
104,term-life-insurance,Term Life Insurance,P0,,"Foundation: Line-Specific, High usage"
105,third-party,Third Party,P0,,"Foundation: Core Concept, High usage"
106,total-loss,Total Loss,P0,Marine hull; Marine cargo; Aviation hull & liability; Athlete disability,"Foundation: Claims, High usage"
107,umbrella-insurance,Umbrella Insurance,P0,Contractors excess liability,"Foundation: Line-Specific, High usage; also P1"
108,underwriter,Underwriter,P0,,"Foundation: Underwriting, High usage"
109,underwriting,Underwriting,P0,,"Foundation: Underwriting, High usage"
110,uninsured-motorist-coverage,Uninsured Motorist Coverage,P0,,"Foundation: Policy Wording, High usage"
111,waiting-period,Waiting Period,P0,"Trade credit; Political risk (CEND, contract frustration, political violence); High-limit disability","Foundation: Policy Wording, High usage"
112,whole-life-insurance,Whole Life Insurance,P0,,"Foundation: Line-Specific, High usage"
113,workers-compensation-insurance,Workers' Compensation Insurance,P0,Public entity package,"Foundation: Line-Specific, High usage"
114,additional-insured,Additional Insured,P0,Contractors general liability,"Foundation: Policy Wording, High usage; also P1"
115,aggregate-limit,Aggregate Limit,P0,Contractors general liability; Contractors excess liability; Special event liability; Product contamination,"Foundation: Core Concept, High usage"
116,catastrophe,Catastrophe,P0,Energy (oil & gas); Renewable energy; Marine hull,"Foundation: Core Concept, High usage"
117,consolidated-omnibus-budget-reconciliation-act,Consolidated Omnibus Budget Reconciliation Act,P0,,"Foundation: Regulation, High usage"
118,cyber-insurance,Cyber Insurance,P0,Business cyber; Technology E&O; Personal cyber,"Foundation: Line-Specific, High usage; also P1"
119,damages,Damages,P0,,"Foundation: Legal/Latin, High usage"
120,earned-premium,Earned Premium,P0,,"Foundation: Finance & Actuarial, High usage"
121,errors-and-omissions-insurance,Errors and Omissions Insurance,P0,Contractors professional liability; Technology E&O; Medical billing E&O; Financial institutions E&O / D&O; Architects & engineers PL; Insurance agents E&O; Accountants E&O; Miscellaneous PL; Real estate E&O,"Foundation: Line-Specific, High usage; also P1"
122,exposure,Exposure,P0,,"Foundation: Underwriting, High usage"
123,form,Form,P0,,"Foundation: Policy Wording, High usage"
124,health-insurance-portability-and-accountability-act,Health Insurance Portability and Accountability Act,P0,,"Foundation: Regulation, High usage"
125,ho-3,HO-3,P0,,"Foundation: Line-Specific, High usage"
126,negligence,Negligence,P0,,"Foundation: Legal/Latin, High usage"
127,occurrence,Occurrence,P0,,"Foundation: Policy Wording, High usage"
128,per-occurrence-limit,Per-Occurrence Limit,P0,Contractors general liability; Contractors excess liability; Special event liability; Product contamination,"Foundation: Core Concept, High usage"
129,policy-administration-system,Policy Administration System,P0,,"Foundation: Technology, High usage"
130,prior-authorization,Prior Authorization,P0,,"Foundation: Line-Specific, High usage"
131,producer,Producer,P0,,"Foundation: Distribution, High usage"
132,professional-liability-insurance,Professional Liability Insurance,P0,Contractors professional liability; Medical billing E&O; Allied healthcare PL; Architects & engineers PL; Accountants E&O; Miscellaneous PL; Real estate E&O,"Foundation: Line-Specific, High usage; also P1"
133,rate,Rate,P0,,"Foundation: Underwriting, High usage"
134,rating-factor,Rating Factor,P0,,"Foundation: Underwriting, High usage"
135,reinstatement,Reinstatement,P0,,"Foundation: Lifecycle, High usage"
136,reserves,Reserves,P0,,"Foundation: Finance & Actuarial, High usage"
137,sublimit,Sublimit,P0,Kidnap & ransom; Business cyber; Directors & officers; Event cancellation; Commercial crime,"Foundation: Policy Wording, High usage"
138,submission,Submission,P0,,"Foundation: Lifecycle, High usage"
139,third-party-administrator,Third-Party Administrator,P0,Medical stop-loss,"Foundation: Distribution, High usage; also P1"
140,written-premium,Written Premium,P0,,"Foundation: Finance & Actuarial, High usage"
141,additional-premium,Additional Premium,P0,,"Foundation: Lifecycle, Medium usage"
142,casualty-insurance,Casualty Insurance,P0,,"Foundation: Core Concept, Medium usage"
143,first-party-coverage,First-Party Coverage,P0,,"Foundation: Core Concept, Medium usage"
144,group-insurance,Group Insurance,P0,,"Foundation: Core Concept, Medium usage"
145,hazard,Hazard,P0,,"Foundation: Core Concept, Medium usage"
146,indemnity,Indemnity,P0,,"Foundation: Core Concept, Medium usage"
147,insurable-interest,Insurable Interest,P0,Commercial crime; Financial institution bond,"Foundation: Core Concept, Medium usage"
148,notice-of-cancellation,Notice of Cancellation,P0,,"Foundation: Lifecycle, Medium usage"
149,policy-anniversary,Policy Anniversary,P0,,"Foundation: Lifecycle, Medium usage"
150,qualifying-life-event,Qualifying Life Event,P0,,"Foundation: Lifecycle, Medium usage"
151,renewal-offer,Renewal Offer,P0,,"Foundation: Lifecycle, Medium usage"
152,risk-management,Risk Management,P0,,"Foundation: Core Concept, Medium usage"
153,third-party-coverage,Third-Party Coverage,P0,,"Foundation: Core Concept, Medium usage"
154,utmost-good-faith,Utmost Good Faith,P0,,"Foundation: Core Concept, Medium usage"
155,binder,Binder,P0,,"Foundation: Lifecycle, Medium usage"
156,captive-insurance-company,Captive Insurance Company,P0,Medical stop-loss captive,"Foundation: Core Concept, Medium usage; also P1"
157,conditional-renewal,Conditional Renewal,P0,,"Foundation: Lifecycle, Medium usage"
158,contribution,Contribution,P0,,"Foundation: Core Concept, Medium usage"
159,indication,Indication,P0,,"Foundation: Lifecycle, Medium usage"
160,annual-enrollment-period,Medicare Annual Enrollment Period,P0,,"Foundation: Lifecycle, Medium usage"
161,mutual-insurance-company,Mutual Insurance Company,P0,,"Foundation: Core Concept, Medium usage"
162,policy-delivery,Policy Delivery,P0,,"Foundation: Lifecycle, Medium usage"
163,premium-audit,Premium Audit,P0,Contractors general liability,"Foundation: Lifecycle, Medium usage; also P1"
164,pro-rata-cancellation,Pro Rata Cancellation,P0,,"Foundation: Lifecycle, Medium usage"
165,self-insurance,Self-Insurance,P0,Medical stop-loss,"Foundation: Core Concept, Medium usage; also P1"
166,short-rate-cancellation,Short-Rate Cancellation,P0,,"Foundation: Lifecycle, Medium usage"
167,special-enrollment-period,Special Enrollment Period,P0,,"Foundation: Lifecycle, Medium usage"
168,specialty-insurance,Specialty Insurance,P0,Contractors general liability; Contractors excess liability,"Foundation: Core Concept, Medium usage"
169,subrogation,Subrogation,P0,,"Foundation: Core Concept, Medium usage"
170,proximate-cause,Proximate Cause,P0,,"Foundation: Core Concept, Medium usage"
171,rescission,Rescission,P0,,"Foundation: Lifecycle, Medium usage"
172,risk-pooling,Risk Pooling,P0,Medical stop-loss captive; Public entity package,"Foundation: Core Concept, Low usage; also P1"
173,social-insurance,Social Insurance,P0,,"Foundation: Core Concept, Low usage"
174,alternative-risk-transfer,Alternative Risk Transfer,P0,Medical stop-loss captive; Public entity package,"Foundation: Core Concept, Low usage"
175,auditable-policy,Auditable Policy,P0,Contractors general liability; Special event liability,"Foundation: Lifecycle, Low usage"
176,flat-cancellation,Flat Cancellation,P0,,"Foundation: Lifecycle, Low usage"
177,fraternal-benefit-society,Fraternal Benefit Society,P0,,"Foundation: Core Concept, Low usage"
178,insurable-risk,Insurable Risk,P0,,"Foundation: Core Concept, Low usage"
179,mid-term-adjustment,Mid-Term Adjustment,P0,,"Foundation: Lifecycle, Low usage"
180,parametric-trigger,Parametric Trigger,P0,Event weather,"Foundation: Core Concept, Low usage; also P1"
181,pure-risk,Pure Risk,P0,,"Foundation: Core Concept, Low usage"
182,risk-retention,Risk Retention,P0,Medical stop-loss captive; Public entity package,"Foundation: Core Concept, Low usage"
183,risk-transfer,Risk Transfer,P0,,"Foundation: Core Concept, Low usage"
184,speculative-risk,Speculative Risk,P0,,"Foundation: Core Concept, Low usage"
185,stock-insurance-company,Stock Insurance Company,P0,,"Foundation: Core Concept, Low usage"
186,void-policy,Void Policy,P0,,"Foundation: Lifecycle, Low usage"
187,attorney-in-fact,Attorney-in-Fact,P0,,"Foundation: Core Concept, Low usage"
188,backdating,Backdating,P0,,"Foundation: Lifecycle, Low usage"
189,demutualization,Demutualization,P0,,"Foundation: Core Concept, Low usage"
190,finite-risk-insurance,Finite Risk Insurance,P0,,"Foundation: Core Concept, Low usage"
191,purchasing-group,Purchasing Group,P0,Medical stop-loss captive; Public entity package,"Foundation: Core Concept, Low usage"
192,reciprocal-exchange,Reciprocal Insurance Exchange,P0,,"Foundation: Core Concept, Low usage"
193,risk-retention-group,Risk Retention Group,P0,Medical stop-loss captive; Public entity package,"Foundation: Core Concept, Low usage"
194,voidable-policy,Voidable Policy,P0,,"Foundation: Lifecycle, Low usage"
195,disability-insurance,Disability Insurance,P1,High-limit disability; Key person disability; Buy-sell disability; Athlete disability,Core term for 4 TMHCC types
196,travel-insurance,Travel Insurance,P1,Travel medical; Annual multi-trip travel; Trip cancellation / interruption; International student medical,Core term for 4 TMHCC types
197,accident-insurance,Accident Insurance,P1,AD&D,Core term for AD&D
198,supplemental-insurance,Supplemental Insurance,P1,Group medical gap,Core term for Group medical gap
199,trip-cancellation,Trip Cancellation Insurance,P1,Trip cancellation / interruption,Core term for Trip cancellation / interruption
200,self-funded-plan,Self-Funded Plan,P1,Medical stop-loss; Organ transplant carve-out; Cell & gene therapy carve-out; Multiemployer (Taft-Hartley) health plan,Core term for 4 TMHCC types
201,employee-retirement-income-security-act,Employee Retirement Income Security Act,P1,Medical stop-loss; Multiemployer (Taft-Hartley) health plan; Fiduciary liability,Core term for 3 TMHCC types
202,obligee,Obligee,P1,Game promotion bond; Surety (contract & commercial bonds); Oil & gas bonds,Core term for 3 TMHCC types
203,principal,Principal,P1,Game promotion bond; Surety (contract & commercial bonds); Oil & gas bonds,Core term for 3 TMHCC types
204,surety-bond,Surety Bond,P1,Game promotion bond; Surety (contract & commercial bonds); Oil & gas bonds,Core term for 3 TMHCC types
205,wrongful-act,Wrongful Act,P1,Fiduciary liability; Directors & officers; Employment practices liability,Core term for 3 TMHCC types
206,crime-insurance,Crime Insurance,P1,Financial institution bond; Commercial crime,Core term for 2 TMHCC types
207,directors-and-officers-liability,Directors and Officers Liability,P1,Directors & officers; Financial institutions E&O / D&O,Core term for 2 TMHCC types
208,employee-dishonesty,Employee Dishonesty,P1,Financial institution bond; Commercial crime,Core term for 2 TMHCC types
209,high-deductible-health-plan,High-Deductible Health Plan,P1,Medicare MSA; Group medical gap,Core term for 2 TMHCC types
210,social-engineering-fraud,Social Engineering Fraud,P1,Business cyber; Commercial crime,Core term for 2 TMHCC types
211,accidental-death-and-dismemberment,Accidental Death and Dismemberment,P1,AD&D,Core term for AD&D
212,agreed-value,Agreed Value,P1,Aviation hull & liability,Core term for Aviation hull & liability
213,benefit-period,Benefit Period,P1,High-limit disability,Core term for High-limit disability
214,breach-response,Breach Response Costs,P1,Business cyber,Core term for Business cyber
215,builders-risk,Builders Risk,P1,Renewable energy,Core term for Renewable energy
216,business-interruption-insurance,Business Interruption Insurance,P1,Restaurant recovery,Core term for Restaurant recovery
217,cargo-insurance,Cargo Insurance,P1,Marine cargo,Core term for Marine cargo
218,crop-insurance,Crop Insurance,P1,Crop,Core term for Crop
219,elimination-period,Elimination Period,P1,High-limit disability,Core term for High-limit disability
220,employment-practices-liability,Employment Practices Liability,P1,Employment practices liability,Core term for Employment practices liability
221,equipment-breakdown-insurance,Equipment Breakdown Insurance,P1,Renewable energy,Core term for Renewable energy
222,excess-insurance,Excess Insurance,P1,Contractors excess liability,Core term for Contractors excess liability
223,fully-insured-plan,Fully Insured Plan,P1,Medical stop-loss,Core term for Medical stop-loss
224,hold-harmless-agreement,Hold Harmless Agreement,P1,Contractors general liability,Core term for Contractors general liability
225,hospital-indemnity-insurance,Hospital Indemnity Insurance,P1,Group medical gap,Core term for Group medical gap
226,insolvency,Insolvency,P1,Trade credit,Core term for Trade credit
227,key-person-insurance,Key Person Insurance,P1,Key person disability,Core term for Key person disability
228,liquor-liability,Liquor Liability,P1,Special event liability,Core term for Special event liability
229,medical-malpractice-insurance,Medical Malpractice Insurance,P1,Allied healthcare PL,Core term for Allied healthcare PL
230,medicare-advantage,Medicare Advantage,P1,Medicare MSA,Core term for Medicare MSA
231,mortgage-insurance,Mortgage Insurance,P1,Mortgage (re)insurance,Core term for Mortgage (re)insurance
232,network-security-liability,Network Security and Privacy Liability,P1,Business cyber,Core term for Business cyber
233,payment-bond,Payment Bond,P1,Surety (contract & commercial bonds),Core term for Surety (contract & commercial bonds)
234,performance-bond,Performance Bond,P1,Surety (contract & commercial bonds),Core term for Surety (contract & commercial bonds)
235,product-liability-insurance,Product Liability Insurance,P1,Product contamination,Core term for Product contamination
236,products-completed-operations,Products-Completed Operations,P1,Contractors general liability,Core term for Contractors general liability
237,ransomware,Ransomware,P1,Business cyber,Core term for Business cyber
238,retention,Retention,P1,Transactional R&W,Core term for Transactional R&W
239,surety,Surety,P1,Surety (contract & commercial bonds),Core term for Surety (contract & commercial bonds)
240,title-insurance,Title Insurance,P1,Title (re)insurance,Core term for Title (re)insurance
241,underlying-insurance,Underlying Insurance,P1,Contractors excess liability,Core term for Contractors excess liability
242,war-exclusion,War Exclusion,P1,"Political risk (CEND, contract frustration, political violence)","Core term for Political risk (CEND, contract frustration, political violence)"
243,stop-loss-insurance,Stop-Loss Insurance,P1,Medical stop-loss; Medical stop-loss captive; Organ transplant carve-out; Cell & gene therapy carve-out; Multiemployer (Taft-Hartley) health plan,Core term for 5 TMHCC types
244,attachment-point,Attachment Point,P1,Medical stop-loss; Contractors excess liability,Core term for 2 TMHCC types
245,follow-form,Follow Form,P1,Contractors excess liability,Core term for Contractors excess liability
246,fronting,Fronting,P1,Medical stop-loss captive,Core term for Medical stop-loss captive
247,layer,Layer,P1,Contractors excess liability,Core term for Contractors excess liability
248,pollution-exclusion,Pollution Exclusion,P1,Energy (oil & gas),Core term for Energy (oil & gas)
249,tower,Tower,P1,Contractors excess liability,Core term for Contractors excess liability
250,waiver-of-subrogation,Waiver of Subrogation,P1,Contractors general liability,Core term for Contractors general liability
251,identity-theft-insurance,Identity Theft Insurance,P1,Personal cyber,Core term for Personal cyber
252,wedding-insurance,Wedding Insurance,P1,Wedding / private event cancellation,Core term for Wedding / private event cancellation
253,fidelity-bond,Fidelity Bond,P1,Fiduciary liability; Financial institution bond; Commercial crime,Core term for 3 TMHCC types
254,event-cancellation-insurance,Event Cancellation Insurance,P1,Event cancellation; Wedding / private event cancellation,Core term for 2 TMHCC types
255,hull-insurance,Hull Insurance,P1,Aviation hull & liability; Marine hull,Core term for 2 TMHCC types
256,license-and-permit-bond,License and Permit Bond,P1,Game promotion bond; Surety (contract & commercial bonds),Core term for 2 TMHCC types
257,ocean-marine-insurance,Ocean Marine Insurance,P1,Marine cargo; Marine hull,Core term for 2 TMHCC types
258,product-recall-insurance,Product Recall Insurance,P1,Product contamination; Restaurant recovery,Core term for 2 TMHCC types
259,agent-errors-and-omissions,Agent Errors and Omissions,P1,Insurance agents E&O,Core term for Insurance agents E&O
260,aviation-insurance,Aviation Insurance,P1,Aviation hull & liability,Core term for Aviation hull & liability
261,bid-bond,Bid Bond,P1,Surety (contract & commercial bonds),Core term for Surety (contract & commercial bonds)
262,cancel-for-any-reason,Cancel for Any Reason,P1,Trip cancellation / interruption,Core term for Trip cancellation / interruption
263,crop-hail,Crop-Hail Insurance,P1,Crop,Core term for Crop
264,emergency-medical-evacuation,Emergency Medical Evacuation,P1,Travel medical,Core term for Travel medical
265,force-majeure,Force Majeure,P1,Event cancellation,Core term for Event cancellation
266,index-insurance,Index Insurance,P1,Event weather,Core term for Event weather
267,management-liability,Management Liability,P1,Directors & officers,Core term for Directors & officers
268,media-liability,Media Liability,P1,Business cyber,Core term for Business cyber
269,multi-peril-crop-insurance,Multi-Peril Crop Insurance,P1,Crop,Core term for Crop
270,office-of-foreign-assets-control,Office of Foreign Assets Control,P1,"Political risk (CEND, contract frustration, political violence)","Core term for Political risk (CEND, contract frustration, political violence)"
271,risk-management-agency,Risk Management Agency,P1,Crop,Core term for Crop
272,sanctions-clause,Sanctions Clause,P1,"Political risk (CEND, contract frustration, political violence)","Core term for Political risk (CEND, contract frustration, political violence)"
273,sudden-and-accidental,Sudden and Accidental,P1,Energy (oil & gas),Core term for Energy (oil & gas)
274,technology-errors-and-omissions,Technology Errors and Omissions,P1,Technology E&O,Core term for Technology E&O
275,general-average,General Average,P1,Marine cargo; Marine hull,Core term for 2 TMHCC types
276,kidnap-and-ransom,Kidnap and Ransom,P1,Kidnap & ransom; Maritime piracy,Core term for 2 TMHCC types
277,particular-average,Particular Average,P1,Marine cargo; Marine hull,Core term for 2 TMHCC types
278,war-risk-insurance,War Risk Insurance,P1,"Political risk (CEND, contract frustration, political violence); Maritime piracy",Core term for 2 TMHCC types
279,abandonment,Abandonment,P1,Marine hull,Core term for Marine hull
280,actual-production-history,Actual Production History,P1,Crop,Core term for Crop
281,administrative-services-only,Administrative Services Only,P1,Medical stop-loss,Core term for Medical stop-loss
282,aggregate-excess-of-loss,Aggregate Excess of Loss,P1,Medical stop-loss,Core term for Medical stop-loss
283,aggregate-stop-loss,Aggregate Stop-Loss,P1,Medical stop-loss,Core term for Medical stop-loss
284,aircraft-liability,Aircraft Liability,P1,Aviation hull & liability,Core term for Aviation hull & liability
285,any-occupation,Any Occupation,P1,High-limit disability,Core term for High-limit disability
286,blanket-waiver-of-subrogation,Blanket Waiver of Subrogation,P1,Contractors general liability,Core term for Contractors general liability
287,buy-sell-agreement,Buy-Sell Agreement,P1,Buy-sell disability,Core term for Buy-sell disability
288,charterers-liability,Charterer's Liability,P1,Marine hull,Core term for Marine hull
289,constructive-total-loss,Constructive Total Loss,P1,Marine hull,Core term for Marine hull
290,contractual-liability,Contractual Liability,P1,Contractors general liability,Core term for Contractors general liability
291,dependent-business-interruption,Dependent Business Interruption (Cyber),P1,Business cyber,Core term for Business cyber
292,dram-shop-law,Dram Shop Law,P1,Special event liability,Core term for Special event liability
293,drop-down,Drop Down,P1,Contractors excess liability,Core term for Contractors excess liability
294,environmental-impairment-liability,Environmental Impairment Liability,P1,Energy (oil & gas),Core term for Energy (oil & gas)
295,erisa-preemption,ERISA Preemption,P1,Medical stop-loss,Core term for Medical stop-loss
296,federal-crop-insurance-corporation,Federal Crop Insurance Corporation,P1,Crop,Core term for Crop
297,fiduciary-liability,Fiduciary Liability,P1,Fiduciary liability,Core term for Fiduciary liability
298,indemnity-agreement,General Indemnity Agreement,P1,Surety (contract & commercial bonds),Core term for Surety (contract & commercial bonds)
299,incoterms,Incoterms,P1,Marine cargo,Core term for Marine cargo
300,inherent-vice,Inherent Vice,P1,Marine cargo,Core term for Marine cargo
301,institute-cargo-clauses,Institute Cargo Clauses,P1,Marine cargo,Core term for Marine cargo
302,insured-vs-insured-exclusion,Insured vs. Insured Exclusion,P1,Directors & officers,Core term for Directors & officers
303,level-funded-plan,Level-Funded Plan,P1,Medical stop-loss,Core term for Medical stop-loss
304,miller-act,Miller Act,P1,Surety (contract & commercial bonds),Core term for Surety (contract & commercial bonds)
305,own-occupation,Own Occupation,P1,High-limit disability,Core term for High-limit disability
306,pasture-rangeland-forage,"Pasture, Rangeland, Forage",P1,Crop,Core term for Crop
307,prevented-planting,Prevented Planting,P1,Crop,Core term for Crop
308,products-completed-operations-aggregate,Products-Completed Operations Aggregate,P1,Contractors general liability,Core term for Contractors general liability
309,protection-and-indemnity,Protection and Indemnity,P1,Marine hull,Core term for Marine hull
310,revenue-protection,Revenue Protection,P1,Crop,Core term for Crop
311,securities-claim,Securities Claim,P1,Directors & officers,Core term for Directors & officers
312,side-a,Side A Coverage,P1,Directors & officers,Core term for Directors & officers
313,side-b,Side B Coverage,P1,Directors & officers,Core term for Directors & officers
314,side-c,Side C Coverage,P1,Directors & officers,Core term for Directors & officers
315,specific-stop-loss,Specific Stop-Loss,P1,Medical stop-loss,Core term for Medical stop-loss
316,standard-reinsurance-agreement,Standard Reinsurance Agreement,P1,Crop,Core term for Crop
317,third-party-employment-practices-liability-insurance,Third-Party Employment Practices Liability Insurance,P1,Employment practices liability,Core term for Employment practices liability
318,trade-credit-insurance,Trade Credit Insurance,P1,Trade credit,Core term for Trade credit
319,warehouse-to-warehouse,Warehouse to Warehouse Clause,P1,Marine cargo,Core term for Marine cargo
320,yield-protection,Yield Protection,P1,Crop,Core term for Crop
321,york-antwerp-rules,York-Antwerp Rules,P1,Marine hull,Core term for Marine hull
322,employer-sponsored-insurance,Employer-Sponsored Insurance,P2,Medical stop-loss; Multiemployer (Taft-Hartley) health plan; Organ transplant carve-out; Cell & gene therapy carve-out,Supporting term used across TMHCC specialty lines
323,partial-loss,Partial Loss,P2,Marine hull; Marine cargo; Aviation hull & liability; Athlete disability,Supporting term used across TMHCC specialty lines
324,policy-territory,Policy Territory,P2,,Supporting term used across TMHCC specialty lines
325,reinsurer,Reinsurer,P2,Mortgage (re)insurance; Title (re)insurance; Crop; Medical stop-loss captive,Supporting term used across TMHCC specialty lines
326,short-term-disability-insurance,Short-Term Disability Insurance,P2,High-limit disability; Key person disability; Athlete disability; AD&D,Supporting term used across TMHCC specialty lines
327,accidental-death-benefit-rider,Accidental Death Benefit Rider,P2,High-limit disability; Key person disability; Athlete disability; AD&D,Supporting term used across TMHCC specialty lines
328,admitted-insurer,Admitted Insurer,P2,,Supporting term used across TMHCC specialty lines
329,binding-authority,Binding Authority,P2,Event cancellation; Medical stop-loss; Crop; Travel medical; Public entity package; Contractors general liability,Supporting term used across TMHCC specialty lines
330,bordereau,Bordereau,P2,Event cancellation; Medical stop-loss; Crop; Travel medical; Public entity package; Contractors general liability,Supporting term used across TMHCC specialty lines
331,ceded-premium,Ceded Premium,P2,Mortgage (re)insurance; Title (re)insurance; Crop; Medical stop-loss captive,Supporting term used across TMHCC specialty lines
332,ceding-company,Ceding Company,P2,Mortgage (re)insurance; Title (re)insurance; Crop; Medical stop-loss captive,Supporting term used across TMHCC specialty lines
333,class-code,Class Code,P2,Contractors general liability; Special event liability,Supporting term used across TMHCC specialty lines
334,current-procedural-terminology-code,Current Procedural Terminology Code,P2,Medical billing E&O,Supporting term used across TMHCC specialty lines
335,defense-costs,Defense Costs,P2,Directors & officers; Employment practices liability; Fiduciary liability; Technology E&O; Business cyber; Contractors professional liability; Miscellaneous PL; Architects & engineers PL; Accountants E&O; Real estate E&O; Insurance agents E&O; Allied healthcare PL; Medical billing E&O; Transactional R&W,Supporting term used across TMHCC specialty lines
336,deposit-premium,Deposit Premium,P2,,Supporting term used across TMHCC specialty lines
337,excess-of-loss,Excess of Loss,P2,Mortgage (re)insurance; Title (re)insurance; Crop; Medical stop-loss captive; Trade credit,Supporting term used across TMHCC specialty lines
338,extra-expense,Extra Expense,P2,Energy (oil & gas); Renewable energy; Restaurant recovery; Business cyber,Supporting term used across TMHCC specialty lines
339,facultative-reinsurance,Facultative Reinsurance,P2,Mortgage (re)insurance; Title (re)insurance; Crop; Medical stop-loss captive,Supporting term used across TMHCC specialty lines
340,hard-market,Hard Market,P2,,Supporting term used across TMHCC specialty lines
341,health-savings-account,Health Savings Account,P2,Medicare MSA,Supporting term used across TMHCC specialty lines
342,inland-marine-insurance,Inland Marine Insurance,P2,Marine cargo,Supporting term used across TMHCC specialty lines
343,insuring-agreement,Insuring Agreement,P2,,Supporting term used across TMHCC specialty lines
344,international-classification-of-diseases-10th-revision,"International Classification of Diseases, 10th Revision",P2,Medical billing E&O,Supporting term used across TMHCC specialty lines
345,lloyds,Lloyd's,P2,"Event cancellation; Kidnap & ransom; Political risk (CEND, contract frustration, political violence); Product contamination; Marine cargo; Aviation hull & liability; Energy (oil & gas)",Supporting term used across TMHCC specialty lines
346,long-term-disability-insurance,Long-Term Disability Insurance,P2,High-limit disability; Key person disability; Athlete disability; AD&D,Supporting term used across TMHCC specialty lines
347,loss-run,Loss Run,P2,,Supporting term used across TMHCC specialty lines
348,managing-general-agent,Managing General Agent,P2,Event cancellation; Medical stop-loss; Crop; Travel medical; Public entity package; Contractors general liability,Supporting term used across TMHCC specialty lines
349,material-fact,Material Fact,P2,,Supporting term used across TMHCC specialty lines
350,minimum-premium,Minimum Premium,P2,"Event cancellation; Prize indemnity; Political risk (CEND, contract frustration, political violence); Kidnap & ransom",Supporting term used across TMHCC specialty lines
351,non-admitted-insurer,Non-Admitted Insurer,P2,"Event cancellation; Kidnap & ransom; Political risk (CEND, contract frustration, political violence); Product contamination; Marine cargo; Aviation hull & liability; Energy (oil & gas)",Supporting term used across TMHCC specialty lines
352,occurrence-policy,Occurrence Policy,P2,Contractors general liability; Contractors excess liability; Special event liability; Product contamination,Supporting term used across TMHCC specialty lines
353,protected-health-information,Protected Health Information,P2,Business cyber; Personal cyber,Supporting term used across TMHCC specialty lines
354,quota-share,Quota Share,P2,Mortgage (re)insurance; Title (re)insurance; Crop; Medical stop-loss captive,Supporting term used across TMHCC specialty lines
355,recovery,Recovery,P2,,Supporting term used across TMHCC specialty lines
356,risk-appetite,Risk Appetite,P2,,Supporting term used across TMHCC specialty lines
357,salvage,Salvage,P2,Marine hull; Marine cargo; Aviation hull & liability; Athlete disability,Supporting term used across TMHCC specialty lines
358,soft-market,Soft Market,P2,,Supporting term used across TMHCC specialty lines
359,summary-plan-description,Summary Plan Description,P2,Medical stop-loss; Multiemployer (Taft-Hartley) health plan; Organ transplant carve-out; Cell & gene therapy carve-out,Supporting term used across TMHCC specialty lines
360,surplus-lines,Surplus Lines,P2,"Event cancellation; Kidnap & ransom; Political risk (CEND, contract frustration, political violence); Product contamination; Marine cargo; Aviation hull & liability; Energy (oil & gas)",Supporting term used across TMHCC specialty lines
361,surplus-lines-broker,Surplus Lines Broker,P2,"Event cancellation; Kidnap & ransom; Political risk (CEND, contract frustration, political violence); Product contamination; Marine cargo; Aviation hull & liability; Energy (oil & gas)",Supporting term used across TMHCC specialty lines
362,treaty-reinsurance,Treaty Reinsurance,P2,Mortgage (re)insurance; Title (re)insurance; Crop; Medical stop-loss captive,Supporting term used across TMHCC specialty lines
363,underwriting-authority,Underwriting Authority,P2,Event cancellation; Medical stop-loss; Crop; Travel medical; Public entity package; Contractors general liability,Supporting term used across TMHCC specialty lines
364,underwriting-guidelines,Underwriting Guidelines,P2,,Supporting term used across TMHCC specialty lines
365,wholesale-broker,Wholesale Broker,P2,Event cancellation; Medical stop-loss; Crop; Travel medical; Public entity package; Contractors general liability,Supporting term used across TMHCC specialty lines
366,capacity,Capacity,P2,,Supporting term used across TMHCC specialty lines
367,claims-made-policy,Claims-Made Policy,P2,Directors & officers; Employment practices liability; Fiduciary liability; Technology E&O; Business cyber; Contractors professional liability; Miscellaneous PL; Architects & engineers PL; Accountants E&O; Real estate E&O; Insurance agents E&O; Allied healthcare PL; Medical billing E&O; Transactional R&W,Supporting term used across TMHCC specialty lines
368,clearance,Clearance,P2,,Supporting term used across TMHCC specialty lines
369,contingent-business-interruption,Contingent Business Interruption,P2,Energy (oil & gas); Renewable energy; Restaurant recovery; Business cyber,Supporting term used across TMHCC specialty lines
370,defense-within-limits,Defense Within Limits,P2,Directors & officers; Employment practices liability; Fiduciary liability; Technology E&O; Business cyber; Contractors professional liability; Miscellaneous PL; Architects & engineers PL; Accountants E&O; Real estate E&O; Insurance agents E&O; Allied healthcare PL; Medical billing E&O; Transactional R&W,Supporting term used across TMHCC specialty lines
371,duty-to-defend,Duty to Defend,P2,Directors & officers; Employment practices liability; Fiduciary liability; Technology E&O; Business cyber; Contractors professional liability; Miscellaneous PL; Architects & engineers PL; Accountants E&O; Real estate E&O; Insurance agents E&O; Allied healthcare PL; Medical billing E&O; Transactional R&W,Supporting term used across TMHCC specialty lines
372,extended-reporting-period,Extended Reporting Period,P2,Directors & officers; Employment practices liability; Fiduciary liability; Technology E&O; Business cyber; Contractors professional liability; Miscellaneous PL; Architects & engineers PL; Accountants E&O; Real estate E&O; Insurance agents E&O; Allied healthcare PL; Medical billing E&O; Transactional R&W,Supporting term used across TMHCC specialty lines
373,fully-earned-premium,Fully Earned Premium,P2,"Event cancellation; Prize indemnity; Political risk (CEND, contract frustration, political violence); Kidnap & ransom",Supporting term used across TMHCC specialty lines
374,other-insurance-clause,Other Insurance Clause,P2,,Supporting term used across TMHCC specialty lines
375,period-of-restoration,Period of Restoration,P2,Energy (oil & gas); Renewable energy; Restaurant recovery; Business cyber,Supporting term used across TMHCC specialty lines
376,prior-acts-coverage,Prior Acts Coverage,P2,Directors & officers; Employment practices liability; Fiduciary liability; Technology E&O; Business cyber; Contractors professional liability; Miscellaneous PL; Architects & engineers PL; Accountants E&O; Real estate E&O; Insurance agents E&O; Allied healthcare PL; Medical billing E&O; Transactional R&W,Supporting term used across TMHCC specialty lines
377,punitive-damages,Punitive Damages,P2,Directors & officers; Employment practices liability; Business cyber; Transactional R&W,Supporting term used across TMHCC specialty lines
378,reservation-of-rights,Reservation of Rights,P2,Directors & officers; Employment practices liability; Fiduciary liability; Technology E&O; Business cyber; Contractors professional liability; Miscellaneous PL; Architects & engineers PL; Accountants E&O; Real estate E&O; Insurance agents E&O; Allied healthcare PL; Medical billing E&O; Transactional R&W,Supporting term used across TMHCC specialty lines
379,retroactive-date,Retroactive Date,P2,Directors & officers; Employment practices liability; Fiduciary liability; Technology E&O; Business cyber; Contractors professional liability; Miscellaneous PL; Architects & engineers PL; Accountants E&O; Real estate E&O; Insurance agents E&O; Allied healthcare PL; Medical billing E&O; Transactional R&W,Supporting term used across TMHCC specialty lines
380,self-insured-retention,Self-Insured Retention,P2,Medical stop-loss; Transactional R&W; Directors & officers; Business cyber; Public entity package,Supporting term used across TMHCC specialty lines
381,tail-coverage,Tail Coverage,P2,Directors & officers; Employment practices liability; Fiduciary liability; Technology E&O; Business cyber; Contractors professional liability; Miscellaneous PL; Architects & engineers PL; Accountants E&O; Real estate E&O; Insurance agents E&O; Allied healthcare PL; Medical billing E&O; Transactional R&W,Supporting term used across TMHCC specialty lines
382,terrorism-risk-insurance-act,Terrorism Risk Insurance Act,P2,"Event cancellation; Political risk (CEND, contract frustration, political violence); Trade credit; Kidnap & ransom; Marine cargo; Marine hull",Supporting term used across TMHCC specialty lines
383,warranty,Warranty,P2,Marine hull; Marine cargo; Aviation hull & liability; Athlete disability,Supporting term used across TMHCC specialty lines
384,yacht-insurance,Yacht Insurance,P2,Marine hull,Supporting term used across TMHCC specialty lines
385,bail-bond,Bail Bond,P2,Surety (contract & commercial bonds),Supporting term used across TMHCC specialty lines
386,cooperation-clause,Cooperation Clause,P2,Directors & officers; Employment practices liability; Fiduciary liability; Technology E&O; Business cyber; Contractors professional liability; Miscellaneous PL; Architects & engineers PL; Accountants E&O; Real estate E&O; Insurance agents E&O; Allied healthcare PL; Medical billing E&O; Transactional R&W,Supporting term used across TMHCC specialty lines
387,duty-of-disclosure,Duty of Disclosure,P2,,Supporting term used across TMHCC specialty lines
388,managing-general-underwriter,Managing General Underwriter,P2,Event cancellation; Medical stop-loss; Crop; Travel medical; Public entity package; Contractors general liability,Supporting term used across TMHCC specialty lines
389,motor-truck-cargo,Motor Truck Cargo,P2,Marine cargo,Supporting term used across TMHCC specialty lines
390,nuclear-exclusion,Nuclear Exclusion,P2,"Event cancellation; Political risk (CEND, contract frustration, political violence); Trade credit; Kidnap & ransom; Marine cargo; Marine hull",Supporting term used across TMHCC specialty lines
391,per-member-per-month,Per Member Per Month,P2,Medical stop-loss; Multiemployer (Taft-Hartley) health plan; Organ transplant carve-out; Cell & gene therapy carve-out,Supporting term used across TMHCC specialty lines
392,valued-policy,Valued Policy,P2,Marine hull; Marine cargo; Aviation hull & liability; Athlete disability,Supporting term used across TMHCC specialty lines
393,aggregation,Accumulation,P2,Trade credit,Supporting term used across TMHCC specialty lines
394,average,Average,P2,Marine hull; Marine cargo; Aviation hull & liability; Athlete disability,Supporting term used across TMHCC specialty lines
395,cms-1500,CMS-1500,P2,Medical billing E&O,Supporting term used across TMHCC specialty lines
396,condition-precedent,Condition Precedent,P2,,Supporting term used across TMHCC specialty lines
397,coverholder,Coverholder,P2,Event cancellation; Medical stop-loss; Crop; Travel medical; Public entity package; Contractors general liability,Supporting term used across TMHCC specialty lines
398,delegated-authority-data,Delegated Authority Data,P2,Event cancellation; Medical stop-loss; Crop; Travel medical; Public entity package; Contractors general liability,Supporting term used across TMHCC specialty lines
399,duty-to-indemnify,Duty to Indemnify,P2,Directors & officers; Employment practices liability; Fiduciary liability; Technology E&O; Business cyber; Contractors professional liability; Miscellaneous PL; Architects & engineers PL; Accountants E&O; Real estate E&O; Insurance agents E&O; Allied healthcare PL; Medical billing E&O; Transactional R&W,Supporting term used across TMHCC specialty lines
400,exposure-management,Exposure Management,P2,,Supporting term used across TMHCC specialty lines
401,data-security-model-law,Insurance Data Security Model Law,P2,Business cyber; Personal cyber,Supporting term used across TMHCC specialty lines
402,jones-act,Jones Act,P2,Marine hull; Energy (oil & gas),Supporting term used across TMHCC specialty lines
403,long-tail,Long-Tail Line,P2,,Supporting term used across TMHCC specialty lines
404,maximum-foreseeable-loss,Maximum Foreseeable Loss,P2,Energy (oil & gas); Renewable energy; Marine hull,Supporting term used across TMHCC specialty lines
405,nose-coverage,Nose Coverage,P2,Directors & officers; Employment practices liability; Fiduciary liability; Technology E&O; Business cyber; Contractors professional liability; Miscellaneous PL; Architects & engineers PL; Accountants E&O; Real estate E&O; Insurance agents E&O; Allied healthcare PL; Medical billing E&O; Transactional R&W,Supporting term used across TMHCC specialty lines
406,pension-benefit-guaranty-corporation,Pension Benefit Guaranty Corporation,P2,Fiduciary liability; Medical stop-loss,Supporting term used across TMHCC specialty lines
407,probable-maximum-loss,Probable Maximum Loss,P2,Energy (oil & gas); Renewable energy; Marine hull,Supporting term used across TMHCC specialty lines
408,program-administrator,Program Administrator,P2,Event cancellation; Medical stop-loss; Crop; Travel medical; Public entity package; Contractors general liability,Supporting term used across TMHCC specialty lines
409,program-business,Program Business,P2,Event cancellation; Medical stop-loss; Crop; Travel medical; Public entity package; Contractors general liability,Supporting term used across TMHCC specialty lines
410,residual-disability,Residual Disability,P2,High-limit disability; Key person disability; Athlete disability; AD&D,Supporting term used across TMHCC specialty lines
411,severability-of-interests,Severability of Interests,P2,Directors & officers; Employment practices liability; Fiduciary liability; Technology E&O; Business cyber; Contractors professional liability; Miscellaneous PL; Architects & engineers PL; Accountants E&O; Real estate E&O; Insurance agents E&O; Allied healthcare PL; Medical billing E&O; Transactional R&W,Supporting term used across TMHCC specialty lines
412,slip,Slip,P2,"Event cancellation; Kidnap & ransom; Political risk (CEND, contract frustration, political violence); Product contamination; Marine cargo; Aviation hull & liability; Energy (oil & gas)",Supporting term used across TMHCC specialty lines
413,syndicate,Syndicate,P2,"Event cancellation; Kidnap & ransom; Political risk (CEND, contract frustration, political violence); Product contamination; Marine cargo; Aviation hull & liability; Energy (oil & gas)",Supporting term used across TMHCC specialty lines
414,terrorism-exclusion,Terrorism Exclusion,P2,"Event cancellation; Political risk (CEND, contract frustration, political violence); Trade credit; Kidnap & ransom; Marine cargo; Marine hull",Supporting term used across TMHCC specialty lines
415,united-states-longshore-and-harbor-workers-compensation,United States Longshore and Harbor Workers' Compensation,P2,Marine hull; Energy (oil & gas),Supporting term used across TMHCC specialty lines
416,usual-customary-reasonable,"Usual, Customary and Reasonable",P2,Medical stop-loss; Multiemployer (Taft-Hartley) health plan; Organ transplant carve-out; Cell & gene therapy carve-out,Supporting term used across TMHCC specialty lines
417,act-of-god,Act of God,P3,,Not specific to TMHCC lines
418,actuary,Actuary,P3,,Not specific to TMHCC lines
419,additional-living-expense,Additional Living Expense,P3,,Not specific to TMHCC lines
420,aggregator,Aggregator,P3,,Not specific to TMHCC lines
421,annual-maximum,Annual Maximum,P3,,Not specific to TMHCC lines
422,annuitant,Annuitant,P3,,Not specific to TMHCC lines
423,book-of-business,Book of Business,P3,,Not specific to TMHCC lines
424,captive-agent,Captive Agent,P3,,Not specific to TMHCC lines
425,claim-investigation,Claim Investigation,P3,,Not specific to TMHCC lines
426,contingent-beneficiary,Contingent Beneficiary,P3,,Not specific to TMHCC lines
427,core-systems,Core Systems,P3,,Not specific to TMHCC lines
428,cost-sharing,Cost Sharing,P3,,Not specific to TMHCC lines
429,customer-portal,Customer Portal,P3,,Not specific to TMHCC lines
430,declination,Declination,P3,,Not specific to TMHCC lines
431,dental-insurance,Dental Insurance,P3,,Not specific to TMHCC lines
432,direct-writer,Direct Writer,P3,,Not specific to TMHCC lines
433,duties-after-loss,Duties After Loss,P3,,Not specific to TMHCC lines
434,earth-movement-exclusion,Earth Movement Exclusion,P3,,Not specific to TMHCC lines
435,endorsement,Endorsement,P3,,Not specific to TMHCC lines
436,face-amount,Face Amount,P3,,Not specific to TMHCC lines
437,fair-market-value,Fair Market Value,P3,,Not specific to TMHCC lines
438,federal-emergency-management-agency,Federal Emergency Management Agency,P3,,Not specific to TMHCC lines
439,final-expense-insurance,Final Expense Insurance,P3,,Not specific to TMHCC lines
440,flood-exclusion,Flood Exclusion,P3,,Not specific to TMHCC lines
441,gap-insurance,Gap Insurance,P3,,Not specific to TMHCC lines
442,garaging-address,Garaging Address,P3,,Not specific to TMHCC lines
443,glass-coverage,Glass Coverage,P3,,Not specific to TMHCC lines
444,good-driver-discount,Good Driver Discount,P3,,Not specific to TMHCC lines
445,group-life-insurance,Group Life Insurance,P3,,Not specific to TMHCC lines
446,health-insurance-marketplace,Health Insurance Marketplace,P3,,Not specific to TMHCC lines
447,independent-agent,Independent Agent,P3,,Not specific to TMHCC lines
448,inspection,Inspection,P3,,Not specific to TMHCC lines
449,insurance-commissioner,Insurance Commissioner,P3,,Not specific to TMHCC lines
450,insurance-fraud,Insurance Fraud,P3,,Not specific to TMHCC lines
451,insurtech,Insurtech,P3,,Not specific to TMHCC lines
452,issue-age,Issue Age,P3,,Not specific to TMHCC lines
453,landlord-insurance,Landlord Insurance,P3,,Not specific to TMHCC lines
454,level-term,Level Term,P3,,Not specific to TMHCC lines
455,lienholder,Lienholder,P3,,Not specific to TMHCC lines
456,litigation,Litigation,P3,,Not specific to TMHCC lines
457,loss-of-use,Loss of Use,P3,,Not specific to TMHCC lines
458,loss-ratio,Loss Ratio,P3,,Not specific to TMHCC lines
459,medical-payments-to-others,Medical Payments to Others,P3,,Not specific to TMHCC lines
460,medicare-part-a,Medicare Part A,P3,,Not specific to TMHCC lines
461,medicare-part-b,Medicare Part B,P3,,Not specific to TMHCC lines
462,medicare-part-d,Medicare Part D,P3,,Not specific to TMHCC lines
463,metal-tiers,Metal Tiers,P3,,Not specific to TMHCC lines
464,motor-vehicle-report,Motor Vehicle Report,P3,,Not specific to TMHCC lines
465,multi-policy-discount,Multi-Policy Discount,P3,,Not specific to TMHCC lines
466,named-perils,Named Perils,P3,,Not specific to TMHCC lines
467,national-association-of-insurance-commissioners,National Association of Insurance Commissioners,P3,,Not specific to TMHCC lines
468,occupancy,Occupancy,P3,,Not specific to TMHCC lines
469,other-structures-coverage,Other Structures Coverage,P3,,Not specific to TMHCC lines
470,paid-losses,Paid Losses,P3,,Not specific to TMHCC lines
471,permanent-life-insurance,Permanent Life Insurance,P3,,Not specific to TMHCC lines
472,personal-liability-coverage,Personal Liability Coverage,P3,,Not specific to TMHCC lines
473,pet-insurance,Pet Insurance,P3,,Not specific to TMHCC lines
474,plan-year,Plan Year,P3,,Not specific to TMHCC lines
475,preventive-care,Preventive Care,P3,,Not specific to TMHCC lines
476,primary-beneficiary,Primary Beneficiary,P3,,Not specific to TMHCC lines
477,primary-care-physician,Primary Care Physician,P3,,Not specific to TMHCC lines
478,privacy-notice,Privacy Notice,P3,,Not specific to TMHCC lines
479,pro-rata,Pro Rata,P3,,Not specific to TMHCC lines
480,producer-license,Producer License,P3,,Not specific to TMHCC lines
481,referral-health,Referral (Health),P3,,Not specific to TMHCC lines
482,rental-reimbursement,Rental Reimbursement,P3,,Not specific to TMHCC lines
483,rider,Rider,P3,,Not specific to TMHCC lines
484,roadside-assistance,Roadside Assistance,P3,,Not specific to TMHCC lines
485,scheduled-personal-property,Scheduled Personal Property,P3,,Not specific to TMHCC lines
486,staff-adjuster,Staff Adjuster,P3,,Not specific to TMHCC lines
487,summary-of-benefits-and-coverage,Summary of Benefits and Coverage,P3,,Not specific to TMHCC lines
488,tobacco-rating,Tobacco Rating,P3,,Not specific to TMHCC lines
489,vehicle-identification-number,Vehicle Identification Number,P3,,Not specific to TMHCC lines
490,vision-insurance,Vision Insurance,P3,,Not specific to TMHCC lines
491,water-backup-coverage,Water Backup Coverage,P3,,Not specific to TMHCC lines
492,wear-and-tear,Wear and Tear,P3,,Not specific to TMHCC lines
493,accelerated-death-benefit-rider,Accelerated Death Benefit Rider,P3,,Not specific to TMHCC lines
494,accelerated-underwriting,Accelerated Underwriting,P3,,Not specific to TMHCC lines
495,acord-forms,ACORD Forms,P3,,Not specific to TMHCC lines
496,acquisition-costs,Acquisition Costs,P3,,Not specific to TMHCC lines
497,activities-of-daily-living,Activities of Daily Living,P3,,Not specific to TMHCC lines
498,adverse-selection,Adverse Selection,P3,,Not specific to TMHCC lines
499,agency-bill,Agency Bill,P3,,Not specific to TMHCC lines
500,agency-management-system,Agency Management System,P3,,Not specific to TMHCC lines
501,allowed-amount,Allowed Amount,P3,,Not specific to TMHCC lines
502,annuitization,Annuitization,P3,,Not specific to TMHCC lines
503,appointment,Appointment,P3,,Not specific to TMHCC lines
504,appraisal-clause,Appraisal Clause,P3,,Not specific to TMHCC lines
505,arbitration-clause,Arbitration Clause,P3,,Not specific to TMHCC lines
506,assignment-of-benefits,Assignment of Benefits,P3,,Not specific to TMHCC lines
507,association-for-cooperative-operations-research-and-development,Association for Cooperative Operations Research and Development,P3,,Not specific to TMHCC lines
508,balance-billing,Balance Billing,P3,,Not specific to TMHCC lines
509,base-rate,Base Rate,P3,,Not specific to TMHCC lines
510,billing-system,Billing System,P3,,Not specific to TMHCC lines
511,blanket-coverage,Blanket Coverage,P3,,Not specific to TMHCC lines
512,broker-of-record,Broker of Record,P3,,Not specific to TMHCC lines
513,cancellation-clause,Cancellation Clause,P3,,Not specific to TMHCC lines
514,cash-surrender-value,Cash Surrender Value,P3,,Not specific to TMHCC lines
515,centers-for-medicare-and-medicaid-services,Centers for Medicare & Medicaid Services,P3,,Not specific to TMHCC lines
516,certificate-of-coverage,Certificate of Coverage,P3,,Not specific to TMHCC lines
517,childrens-health-insurance-program,Children's Health Insurance Program,P3,,Not specific to TMHCC lines
518,claim-adjudication,Claim Adjudication,P3,,Not specific to TMHCC lines
519,claim-reserve,Claim Reserve,P3,,Not specific to TMHCC lines
520,claims-management-system,Claims Management System,P3,,Not specific to TMHCC lines
521,combined-single-limit,Combined Single Limit,P3,,Not specific to TMHCC lines
522,commercial-package-policy,Commercial Package Policy,P3,,Not specific to TMHCC lines
523,comparative-negligence,Comparative Negligence,P3,,Not specific to TMHCC lines
524,compensatory-damages,Compensatory Damages,P3,,Not specific to TMHCC lines
525,comprehensive-loss-underwriting-exchange-report,Comprehensive Loss Underwriting Exchange Report,P3,,Not specific to TMHCC lines
526,concealment,Concealment,P3,,Not specific to TMHCC lines
527,construction-type,Construction Type,P3,,Not specific to TMHCC lines
528,construction-occupancy-protection-exposure,"Construction, Occupancy, Protection, Exposure",P3,,Not specific to TMHCC lines
529,contestable-period,Contestable Period,P3,,Not specific to TMHCC lines
530,continuation-coverage,Continuation Coverage,P3,,Not specific to TMHCC lines
531,convertible-term,Convertible Term,P3,,Not specific to TMHCC lines
532,coordination-of-benefits,Coordination of Benefits,P3,,Not specific to TMHCC lines
533,coverage-part,Coverage Part,P3,,Not specific to TMHCC lines
534,credit-based-insurance-score,Credit-Based Insurance Score,P3,,Not specific to TMHCC lines
535,critical-illness-insurance,Critical Illness Insurance,P3,,Not specific to TMHCC lines
536,deferred-annuity,Deferred Annuity,P3,,Not specific to TMHCC lines
537,desk-adjuster,Desk Adjuster,P3,,Not specific to TMHCC lines
538,diminished-value,Diminished Value,P3,,Not specific to TMHCC lines
539,direct-bill,Direct Bill,P3,,Not specific to TMHCC lines
540,direct-repair-program,Direct Repair Program,P3,,Not specific to TMHCC lines
541,driving-record-points,Driving Record Points,P3,,Not specific to TMHCC lines
542,drug-tier,Drug Tier,P3,,Not specific to TMHCC lines
543,dwelling-fire-policy,Dwelling Fire Policy,P3,,Not specific to TMHCC lines
544,earthquake-insurance,Earthquake Insurance,P3,,Not specific to TMHCC lines
545,embedded-insurance,Embedded Insurance,P3,,Not specific to TMHCC lines
546,essential-health-benefits,Essential Health Benefits,P3,,Not specific to TMHCC lines
547,exception,Exception,P3,,Not specific to TMHCC lines
548,excluded-driver,Excluded Driver,P3,,Not specific to TMHCC lines
549,exclusive-provider-organization,Exclusive Provider Organization,P3,,Not specific to TMHCC lines
550,expense-ratio,Expense Ratio,P3,,Not specific to TMHCC lines
551,extended-warranty,Extended Warranty,P3,,Not specific to TMHCC lines
552,external-review,External Review,P3,,Not specific to TMHCC lines
553,fair-access-to-insurance-requirements-plan,Fair Access to Insurance Requirements Plan,P3,,Not specific to TMHCC lines
554,fee-for-service,Fee-for-Service,P3,,Not specific to TMHCC lines
555,field-adjuster,Field Adjuster,P3,,Not specific to TMHCC lines
556,financial-responsibility-law,Financial Responsibility Law,P3,,Not specific to TMHCC lines
557,financial-strength-rating,Financial Strength Rating,P3,,Not specific to TMHCC lines
558,fixed-annuity,Fixed Annuity,P3,,Not specific to TMHCC lines
559,flexible-spending-account,Flexible Spending Account,P3,,Not specific to TMHCC lines
560,flood-zone,Flood Zone,P3,,Not specific to TMHCC lines
561,frequency,Frequency,P3,,Not specific to TMHCC lines
562,guaranteed-issue,Guaranteed Issue,P3,,Not specific to TMHCC lines
563,guaranty-fund,Guaranty Fund,P3,,Not specific to TMHCC lines
564,hired-and-non-owned-auto,Hired and Non-Owned Auto,P3,,Not specific to TMHCC lines
565,ho-5,HO-5,P3,,Not specific to TMHCC lines
566,ho-6,HO-6,P3,,Not specific to TMHCC lines
567,hurricane-deductible,Hurricane Deductible,P3,,Not specific to TMHCC lines
568,immediate-annuity,Immediate Annuity,P3,,Not specific to TMHCC lines
569,incontestability-clause,Incontestability Clause,P3,,Not specific to TMHCC lines
570,incurred-losses,Incurred Losses,P3,,Not specific to TMHCC lines
571,independent-adjuster,Independent Adjuster,P3,,Not specific to TMHCC lines
572,insurance-services-office,Insurance Services Office,P3,,Not specific to TMHCC lines
573,insurance-to-value,Insurance to Value,P3,,Not specific to TMHCC lines
574,intentional-acts-exclusion,Intentional Acts Exclusion,P3,,Not specific to TMHCC lines
575,investment-income,Investment Income,P3,,Not specific to TMHCC lines
576,long-term-care-insurance,Long-Term Care Insurance,P3,,Not specific to TMHCC lines
577,long-term-care-rider,Long-Term Care Rider,P3,,Not specific to TMHCC lines
578,loss-control,Loss Control,P3,,Not specific to TMHCC lines
579,loss-payee,Loss Payee,P3,,Not specific to TMHCC lines
580,loss-reserve,Loss Reserve,P3,,Not specific to TMHCC lines
581,market-conduct-examination,Market Conduct Examination,P3,,Not specific to TMHCC lines
582,master-policy,Master Policy,P3,,Not specific to TMHCC lines
583,medical-loss-ratio,Medical Loss Ratio,P3,,Not specific to TMHCC lines
584,medical-necessity,Medical Necessity,P3,,Not specific to TMHCC lines
585,medical-payments-coverage,Medical Payments Coverage,P3,,Not specific to TMHCC lines
586,medical-underwriting,Medical Underwriting,P3,,Not specific to TMHCC lines
587,medigap,Medigap,P3,,Not specific to TMHCC lines
588,misrepresentation,Misrepresentation,P3,,Not specific to TMHCC lines
589,moral-hazard,Moral Hazard,P3,,Not specific to TMHCC lines
590,mortgagee-clause,Mortgagee Clause,P3,,Not specific to TMHCC lines
591,motor-carrier,Motor Carrier Coverage,P3,,Not specific to TMHCC lines
592,narrow-network,Narrow Network,P3,,Not specific to TMHCC lines
593,national-council-on-compensation-insurance,National Council on Compensation Insurance,P3,,Not specific to TMHCC lines
594,national-flood-insurance-program,National Flood Insurance Program,P3,,Not specific to TMHCC lines
595,no-surprises-act,No Surprises Act,P3,,Not specific to TMHCC lines
596,no-fault-insurance,No-Fault Insurance,P3,,Not specific to TMHCC lines
597,non-qualified-annuity,Non-Qualified Annuity,P3,,Not specific to TMHCC lines
598,north-american-industry-classification-system-code,North American Industry Classification System Code,P3,,Not specific to TMHCC lines
599,open-perils,Open Perils,P3,,Not specific to TMHCC lines
600,ordinance-or-law-coverage,Ordinance or Law Coverage,P3,,Not specific to TMHCC lines
601,paramedical-exam,Paramedical Exam,P3,,Not specific to TMHCC lines
602,payout-option,Payout Option,P3,,Not specific to TMHCC lines
603,percentage-deductible,Percentage Deductible,P3,,Not specific to TMHCC lines
604,permissive-user,Permissive User,P3,,Not specific to TMHCC lines
605,personal-and-advertising-injury,Personal and Advertising Injury,P3,,Not specific to TMHCC lines
606,personal-injury-protection,Personal Injury Protection,P3,,Not specific to TMHCC lines
607,pharmacy-benefit-manager,Pharmacy Benefit Manager,P3,,Not specific to TMHCC lines
608,dividend,Policy Dividend,P3,,Not specific to TMHCC lines
609,illustration,Policy Illustration,P3,,Not specific to TMHCC lines
610,policy-loan,Policy Loan,P3,,Not specific to TMHCC lines
611,portability,Portability,P3,,Not specific to TMHCC lines
612,portfolio,Portfolio,P3,,Not specific to TMHCC lines
613,predictive-model,Predictive Model,P3,,Not specific to TMHCC lines
614,premium-finance,Premium Finance,P3,,Not specific to TMHCC lines
615,premium-tax,Premium Tax,P3,,Not specific to TMHCC lines
616,premium-tax-credit,Premium Tax Credit,P3,,Not specific to TMHCC lines
617,primary-insurance,Primary Insurance,P3,,Not specific to TMHCC lines
618,product-configurator,Product Configurator,P3,,Not specific to TMHCC lines
619,proof-of-loss,Proof of Loss,P3,,Not specific to TMHCC lines
620,protection-class,Protection Class,P3,,Not specific to TMHCC lines
621,public-adjuster,Public Adjuster,P3,,Not specific to TMHCC lines
622,qualified-annuity,Qualified Annuity,P3,,Not specific to TMHCC lines
623,rate-filing,Rate Filing,P3,,Not specific to TMHCC lines
624,rating-basis,Rating Basis,P3,,Not specific to TMHCC lines
625,rating-engine,Rating Engine,P3,,Not specific to TMHCC lines
626,recorded-statement,Recorded Statement,P3,,Not specific to TMHCC lines
627,referral,Referral,P3,,Not specific to TMHCC lines
628,release,Release,P3,,Not specific to TMHCC lines
629,replacement,Replacement,P3,,Not specific to TMHCC lines
630,required-minimum-distribution,Required Minimum Distribution,P3,,Not specific to TMHCC lines
631,retention-ratio,Retention Ratio,P3,,Not specific to TMHCC lines
632,risk-class,Risk Class,P3,,Not specific to TMHCC lines
633,salvage-title,Salvage Title,P3,,Not specific to TMHCC lines
634,severity,Severity,P3,,Not specific to TMHCC lines
635,short-term-health-insurance,Short-Term Health Insurance,P3,,Not specific to TMHCC lines
636,simplified-issue,Simplified Issue,P3,,Not specific to TMHCC lines
637,solvency,Solvency,P3,,Not specific to TMHCC lines
638,special-form,Special Form,P3,,Not specific to TMHCC lines
639,special-investigations-unit,Special Investigations Unit,P3,,Not specific to TMHCC lines
640,split-limits,Split Limits,P3,,Not specific to TMHCC lines
641,sr-22,SR-22,P3,,Not specific to TMHCC lines
642,stated-value,Stated Value,P3,,Not specific to TMHCC lines
643,straight-through-processing,Straight-Through Processing,P3,,Not specific to TMHCC lines
644,suicide-clause,Suicide Clause,P3,,Not specific to TMHCC lines
645,supplement,Supplement,P3,,Not specific to TMHCC lines
646,surrender-charge,Surrender Charge,P3,,Not specific to TMHCC lines
647,telematics,Telematics,P3,,Not specific to TMHCC lines
648,territory,Territory,P3,,Not specific to TMHCC lines
649,third-party-data,Third-Party Data,P3,,Not specific to TMHCC lines
650,underinsurance,Underinsurance,P3,,Not specific to TMHCC lines
651,underinsured-motorist-coverage,Underinsured Motorist Coverage,P3,,Not specific to TMHCC lines
652,underwriting-profit,Underwriting Profit,P3,,Not specific to TMHCC lines
653,underwriting-rules-engine,Underwriting Rules Engine,P3,,Not specific to TMHCC lines
654,unearned-premium,Unearned Premium,P3,,Not specific to TMHCC lines
655,unfair-claims-settlement-practices,Unfair Claims Settlement Practices,P3,,Not specific to TMHCC lines
656,universal-life-insurance,Universal Life Insurance,P3,,Not specific to TMHCC lines
657,usage-based-insurance,Usage-Based Insurance,P3,,Not specific to TMHCC lines
658,vacancy-clause,Vacancy Clause,P3,,Not specific to TMHCC lines
659,waiver-of-premium-rider,Waiver of Premium Rider,P3,,Not specific to TMHCC lines
660,accident-year,Accident Year,P3,,Not specific to TMHCC lines
661,allocated-loss-adjustment-expense,Allocated Loss Adjustment Expense,P3,,Not specific to TMHCC lines
662,annual-statement,Annual Statement,P3,,Not specific to TMHCC lines
663,bad-faith,Bad Faith,P3,,Not specific to TMHCC lines
664,catastrophe-excess-of-loss,Catastrophe Excess of Loss,P3,,Not specific to TMHCC lines
665,catastrophe-model,Catastrophe Model,P3,,Not specific to TMHCC lines
666,coinsurance-clause,Coinsurance Clause,P3,,Not specific to TMHCC lines
667,cost-of-insurance,Cost of Insurance,P3,,Not specific to TMHCC lines
668,direct-physical-loss,Direct Physical Loss,P3,,Not specific to TMHCC lines
669,edi-837,EDI 837,P3,,Not specific to TMHCC lines
670,employers-liability,Employers Liability,P3,,Not specific to TMHCC lines
671,experience-modification-factor,Experience Modification Factor,P3,,Not specific to TMHCC lines
672,experience-rating,Experience Rating,P3,,Not specific to TMHCC lines
673,fixed-indexed-annuity,Fixed Indexed Annuity,P3,,Not specific to TMHCC lines
674,generally-accepted-accounting-principles,Generally Accepted Accounting Principles,P3,,Not specific to TMHCC lines
675,health-reimbursement-arrangement,Health Reimbursement Arrangement,P3,,Not specific to TMHCC lines
676,incurred-but-not-reported,Incurred But Not Reported,P3,,Not specific to TMHCC lines
677,indexed-universal-life,Indexed Universal Life,P3,,Not specific to TMHCC lines
678,life-settlement,Life Settlement,P3,,Not specific to TMHCC lines
679,loss-adjustment-expense,Loss Adjustment Expense,P3,,Not specific to TMHCC lines
680,loss-cost,Loss Cost,P3,,Not specific to TMHCC lines
681,loss-trend,Loss Trend,P3,,Not specific to TMHCC lines
682,net-written-premium,Net Written Premium,P3,,Not specific to TMHCC lines
683,rating-algorithm,Rating Algorithm,P3,,Not specific to TMHCC lines
684,risk-based-capital,Risk-Based Capital,P3,,Not specific to TMHCC lines
685,schedule-rating,Schedule Rating,P3,,Not specific to TMHCC lines
686,social-inflation,Social Inflation,P3,,Not specific to TMHCC lines
687,statutory-accounting-principles,Statutory Accounting Principles,P3,,Not specific to TMHCC lines
688,table-rating,Table Rating,P3,,Not specific to TMHCC lines
689,variable-annuity,Variable Annuity,P3,,Not specific to TMHCC lines
690,variable-universal-life,Variable Universal Life,P3,,Not specific to TMHCC lines
691,accident-forgiveness,Accident Forgiveness,P3,,Not specific to TMHCC lines
692,compulsory-insurance,Compulsory Insurance,P3,,Not specific to TMHCC lines
693,consumer-complaint,Consumer Complaint,P3,,Not specific to TMHCC lines
694,coverage-verification,Coverage Verification,P3,,Not specific to TMHCC lines
695,digital-distribution,Digital Distribution,P3,,Not specific to TMHCC lines
696,drone-insurance,Drone Insurance,P3,,Not specific to TMHCC lines
697,fdic-insurance,FDIC Insurance,P3,,Not specific to TMHCC lines
698,insured-life,Insured (Life),P3,,Not specific to TMHCC lines
699,legacy-system,Legacy System,P3,,Not specific to TMHCC lines
700,new-car-replacement,New Car Replacement,P3,,Not specific to TMHCC lines
701,term-rider,Term Rider,P3,,Not specific to TMHCC lines
702,unemployment-insurance,Unemployment Insurance,P3,,Not specific to TMHCC lines
703,accumulation-phase,Accumulation Phase,P3,,Not specific to TMHCC lines
704,adverse-action-notice,Adverse Action Notice,P3,,Not specific to TMHCC lines
705,aerial-imagery,Aerial Imagery,P3,,Not specific to TMHCC lines
706,affinity-group,Affinity Group,P3,,Not specific to TMHCC lines
707,am-best,AM Best,P3,,Not specific to TMHCC lines
708,ambiguity,Ambiguity,P3,,Not specific to TMHCC lines
709,annual-renewable-term,Annual Renewable Term,P3,,Not specific to TMHCC lines
710,anti-money-laundering,Anti-Money Laundering,P3,,Not specific to TMHCC lines
711,assigned-risk-plan,Assigned Risk Plan,P3,,Not specific to TMHCC lines
712,assignment,Assignment,P3,,Not specific to TMHCC lines
713,attained-age,Attained Age,P3,,Not specific to TMHCC lines
714,auto-adjudication,Auto-Adjudication,P3,,Not specific to TMHCC lines
715,automatic-coverage,Automatic Coverage,P3,,Not specific to TMHCC lines
716,automatic-premium-loan,Automatic Premium Loan,P3,,Not specific to TMHCC lines
717,bancassurance,Bancassurance,P3,,Not specific to TMHCC lines
718,basic-form,Basic Form,P3,,Not specific to TMHCC lines
719,betterment,Betterment,P3,,Not specific to TMHCC lines
720,birthday-rule,Birthday Rule,P3,,Not specific to TMHCC lines
721,bona-fide,Bona Fide,P3,,Not specific to TMHCC lines
722,broad-form,Broad Form,P3,,Not specific to TMHCC lines
723,california-earthquake-authority,California Earthquake Authority,P3,,Not specific to TMHCC lines
724,catastrophe-adjuster,Catastrophe Adjuster,P3,,Not specific to TMHCC lines
725,catastrophic-plan,Catastrophic Plan,P3,,Not specific to TMHCC lines
726,caveat-emptor,Caveat Emptor,P3,,Not specific to TMHCC lines
727,cession,Cession,P3,,Not specific to TMHCC lines
728,chargeback,Chargeback,P3,,Not specific to TMHCC lines
729,churning,Churning,P3,,Not specific to TMHCC lines
730,citizens-property-insurance,Citizens Property Insurance Corporation,P3,,Not specific to TMHCC lines
731,classic-car-insurance,Classic Car Insurance,P3,,Not specific to TMHCC lines
732,clean-claim,Clean Claim,P3,,Not specific to TMHCC lines
733,clearinghouse,Clearinghouse,P3,,Not specific to TMHCC lines
734,comparative-rater,Comparative Rater,P3,,Not specific to TMHCC lines
735,master-policy-condo,Condo Master Policy,P3,,Not specific to TMHCC lines
736,contractors-equipment,Contractors' Equipment Floater,P3,,Not specific to TMHCC lines
737,conversion-right,Conversion Right,P3,,Not specific to TMHCC lines
738,coverage-code,Coverage Code,P3,,Not specific to TMHCC lines
739,credit-insurance,Credit Insurance,P3,,Not specific to TMHCC lines
740,de-minimis,De Minimis,P3,,Not specific to TMHCC lines
741,decreasing-term,Decreasing Term,P3,,Not specific to TMHCC lines
742,dispute-resolution,Dispute Resolution,P3,,Not specific to TMHCC lines
743,document-generation,Document Generation,P3,,Not specific to TMHCC lines
744,domicile,Domicile,P3,,Not specific to TMHCC lines
745,duck-creek,Duck Creek,P3,,Not specific to TMHCC lines
746,duty-of-care,Duty of Care,P3,,Not specific to TMHCC lines
747,employer-mandate,Employer Mandate,P3,,Not specific to TMHCC lines
748,entire-contract-clause,Entire Contract Clause,P3,,Not specific to TMHCC lines
749,evidence-of-property-insurance,Evidence of Property Insurance,P3,,Not specific to TMHCC lines
750,ex-gratia-payment,Ex Gratia Payment,P3,,Not specific to TMHCC lines
751,extended-replacement-cost,Extended Replacement Cost,P3,,Not specific to TMHCC lines
752,fair-credit-reporting-act,Fair Credit Reporting Act,P3,,Not specific to TMHCC lines
753,fair-rental-value,Fair Rental Value,P3,,Not specific to TMHCC lines
754,farmowners-policy,Farmowners Policy,P3,,Not specific to TMHCC lines
755,file-and-use,File and Use,P3,,Not specific to TMHCC lines
756,fine-art-insurance,Fine Art Insurance,P3,,Not specific to TMHCC lines
757,form-filing,Form Filing,P3,,Not specific to TMHCC lines
758,form-number,Form Number,P3,,Not specific to TMHCC lines
759,forms-schedule,Forms Schedule,P3,,Not specific to TMHCC lines
760,free-withdrawal-provision,Free Withdrawal Provision,P3,,Not specific to TMHCC lines
761,garage-liability,Garage Liability,P3,,Not specific to TMHCC lines
762,general-damages,General Damages,P3,,Not specific to TMHCC lines
763,general-ledger,General Ledger,P3,,Not specific to TMHCC lines
764,geocoding,Geocoding,P3,,Not specific to TMHCC lines
765,graded-death-benefit,Graded Death Benefit,P3,,Not specific to TMHCC lines
766,gramm-leach-bliley-act,Gramm-Leach-Bliley Act,P3,,Not specific to TMHCC lines
767,guaranteed-insurability-rider,Guaranteed Insurability Rider,P3,,Not specific to TMHCC lines
768,guaranteed-replacement-cost,Guaranteed Replacement Cost,P3,,Not specific to TMHCC lines
769,guaranteed-universal-life,Guaranteed Universal Life,P3,,Not specific to TMHCC lines
770,guidewire,Guidewire,P3,,Not specific to TMHCC lines
771,hard-fraud,Hard Fraud,P3,,Not specific to TMHCC lines
772,individual-mandate,Individual Mandate,P3,,Not specific to TMHCC lines
773,data-warehouse,Insurance Data Warehouse,P3,,Not specific to TMHCC lines
774,irrevocable-beneficiary,Irrevocable Beneficiary,P3,,Not specific to TMHCC lines
775,joint-life,Joint Life,P3,,Not specific to TMHCC lines
776,know-your-customer,Know Your Customer,P3,,Not specific to TMHCC lines
777,law-of-large-numbers,Law of Large Numbers,P3,,Not specific to TMHCC lines
778,lead-generation,Lead Generation,P3,,Not specific to TMHCC lines
779,life-only-annuity,Life Only Annuity,P3,,Not specific to TMHCC lines
780,lines-of-authority,Lines of Authority,P3,,Not specific to TMHCC lines
781,livestock-insurance,Livestock Insurance,P3,,Not specific to TMHCC lines
782,loss-adjustment,Loss Adjustment,P3,,Not specific to TMHCC lines
783,loss-assessment-coverage,Loss Assessment Coverage,P3,,Not specific to TMHCC lines
784,maturity-date,Maturity Date,P3,,Not specific to TMHCC lines
785,mccarran-ferguson-act,McCarran-Ferguson Act,P3,,Not specific to TMHCC lines
786,misstatement-of-age-clause,Misstatement of Age Clause,P3,,Not specific to TMHCC lines
787,model-law,Model Law,P3,,Not specific to TMHCC lines
788,mold-exclusion,Mold Exclusion,P3,,Not specific to TMHCC lines
789,morale-hazard,Morale Hazard,P3,,Not specific to TMHCC lines
790,mortgage-protection-insurance,Mortgage Protection Insurance,P3,,Not specific to TMHCC lines
791,national-insurance-producer-registry,National Insurance Producer Registry,P3,,Not specific to TMHCC lines
792,national-producer-number,National Producer Number,P3,,Not specific to TMHCC lines
793,non-proportional-reinsurance,Non-Proportional Reinsurance,P3,,Not specific to TMHCC lines
794,nonforfeiture-options,Nonforfeiture Options,P3,,Not specific to TMHCC lines
795,participating-policy,Participating Policy,P3,,Not specific to TMHCC lines
796,per-capita,Per Capita,P3,,Not specific to TMHCC lines
797,per-stirpes,Per Stirpes,P3,,Not specific to TMHCC lines
798,period-certain,Period Certain,P3,,Not specific to TMHCC lines
799,persistency,Persistency,P3,,Not specific to TMHCC lines
800,personal-contract,Personal Contract,P3,,Not specific to TMHCC lines
801,physical-hazard,Physical Hazard,P3,,Not specific to TMHCC lines
802,point-of-service-plan,Point of Service Plan,P3,,Not specific to TMHCC lines
803,prior-approval,Prior Approval,P3,,Not specific to TMHCC lines
804,prompt-pay-law,Prompt Pay Law,P3,,Not specific to TMHCC lines
805,proportional-reinsurance,Proportional Reinsurance,P3,,Not specific to TMHCC lines
806,quote-to-bind-ratio,Quote-to-Bind Ratio,P3,,Not specific to TMHCC lines
807,rate-table,Rate Table,P3,,Not specific to TMHCC lines
808,rebating,Rebating,P3,,Not specific to TMHCC lines
809,recoverable-depreciation,Recoverable Depreciation,P3,,Not specific to TMHCC lines
810,reduced-paid-up,Reduced Paid-Up Insurance,P3,,Not specific to TMHCC lines
811,reinsurance-broker,Reinsurance Broker,P3,,Not specific to TMHCC lines
812,reopened-claim,Reopened Claim,P3,,Not specific to TMHCC lines
813,representation,Representation,P3,,Not specific to TMHCC lines
814,residual-market,Residual Market,P3,,Not specific to TMHCC lines
815,retail-agent,Retail Agent,P3,,Not specific to TMHCC lines
816,return-of-premium-term,Return of Premium Term,P3,,Not specific to TMHCC lines
817,rideshare-coverage,Rideshare Coverage,P3,,Not specific to TMHCC lines
818,risk-selection,Risk Selection,P3,,Not specific to TMHCC lines
819,roof-payment-schedule,Roof Payment Schedule,P3,,Not specific to TMHCC lines
820,social-security-disability,Social Security Disability Insurance,P3,,Not specific to TMHCC lines
821,soft-fraud,Soft Fraud,P3,,Not specific to TMHCC lines
822,special-damages,Special Damages,P3,,Not specific to TMHCC lines
823,spoilage-coverage,Spoilage Coverage,P3,,Not specific to TMHCC lines
824,standard-industrial-classification-code,Standard Industrial Classification Code,P3,,Not specific to TMHCC lines
825,sub-account,Sub-Account,P3,,Not specific to TMHCC lines
826,subrogation-demand,Subrogation Demand,P3,,Not specific to TMHCC lines
827,suitability,Suitability,P3,,Not specific to TMHCC lines
828,survivorship-life,Survivorship Life,P3,,Not specific to TMHCC lines
829,system-for-electronic-rates-and-forms-filing,System for Electronic Rates and Forms Filing,P3,,Not specific to TMHCC lines
830,tort,Tort,P3,,Not specific to TMHCC lines
831,total-incurred,Total Incurred,P3,,Not specific to TMHCC lines
832,total-loss-threshold,Total Loss Threshold,P3,,Not specific to TMHCC lines
833,transaction-type,Transaction Type,P3,,Not specific to TMHCC lines
834,twisting,Twisting,P3,,Not specific to TMHCC lines
835,underwriting-workbench,Underwriting Workbench,P3,,Not specific to TMHCC lines
836,unfair-trade-practices,Unfair Trade Practices,P3,,Not specific to TMHCC lines
837,wildfire-risk-score,Wildfire Risk Score,P3,,Not specific to TMHCC lines
838,wind-mitigation,Wind Mitigation,P3,,Not specific to TMHCC lines
839,windstorm-pool,Windstorm Insurance Pool,P3,,Not specific to TMHCC lines
840,section-1035-exchange,1035 Exchange,P3,,Not specific to TMHCC lines
841,seven-pay-test,7-Pay Test,P3,,Not specific to TMHCC lines
842,ab-initio,Ab Initio,P3,,Not specific to TMHCC lines
843,acord-al3,ACORD AL3,P3,,Not specific to TMHCC lines
844,actuarial-value,Actuarial Value,P3,,Not specific to TMHCC lines
845,adverse-development-cover,Adverse Development Cover,P3,,Not specific to TMHCC lines
846,age-nearest-birthday,Age Nearest Birthday,P3,,Not specific to TMHCC lines
847,aleatory-contract,Aleatory Contract,P3,,Not specific to TMHCC lines
848,american-association-of-insurance-services,American Association of Insurance Services,P3,,Not specific to TMHCC lines
849,anti-concurrent-causation-clause,Anti-Concurrent Causation Clause,P3,,Not specific to TMHCC lines
850,appointed-actuary,Appointed Actuary,P3,,Not specific to TMHCC lines
851,asbestos-and-environmental,Asbestos and Environmental,P3,,Not specific to TMHCC lines
852,assumed-premium,Assumed Premium,P3,,Not specific to TMHCC lines
853,automated-property-loss-underwriting-system-report,Automated Property Loss Underwriting System Report,P3,,Not specific to TMHCC lines
854,average-annual-loss,Average Annual Loss,P3,,Not specific to TMHCC lines
855,bornhuetter-ferguson-method,Bornhuetter-Ferguson Method,P3,,Not specific to TMHCC lines
856,bulk-reserve,Bulk Reserve,P3,,Not specific to TMHCC lines
857,business-associate-agreement,Business Associate Agreement,P3,,Not specific to TMHCC lines
858,calendar-year,Calendar Year,P3,,Not specific to TMHCC lines
859,cap-rate,Cap Rate,P3,,Not specific to TMHCC lines
860,capitation,Capitation,P3,,Not specific to TMHCC lines
861,case-reserve-development,Case Reserve Development,P3,,Not specific to TMHCC lines
862,catastrophe-bond,Catastrophe Bond,P3,,Not specific to TMHCC lines
863,ceding-commission,Ceding Commission,P3,,Not specific to TMHCC lines
864,certified-reinsurer,Certified Reinsurer,P3,,Not specific to TMHCC lines
865,chain-ladder-method,Chain Ladder Method,P3,,Not specific to TMHCC lines
866,chronic-illness-rider,Chronic Illness Rider,P3,,Not specific to TMHCC lines
867,civil-authority-coverage,Civil Authority Coverage,P3,,Not specific to TMHCC lines
868,claim-leakage,Claims Leakage,P3,,Not specific to TMHCC lines
869,collateralized-reinsurance,Collateralized Reinsurance,P3,,Not specific to TMHCC lines
870,community-rating,Community Rating,P3,,Not specific to TMHCC lines
871,state-fund,Competitive State Fund,P3,,Not specific to TMHCC lines
872,concurrent-causation,Concurrent Causation,P3,,Not specific to TMHCC lines
873,conditional-contract,Conditional Contract,P3,,Not specific to TMHCC lines
874,contingent-commission,Contingent Commission,P3,,Not specific to TMHCC lines
875,contra-proferentem,Contra Proferentem,P3,,Not specific to TMHCC lines
876,contract-of-adhesion,Contract of Adhesion,P3,,Not specific to TMHCC lines
877,contributory-negligence,Contributory Negligence,P3,,Not specific to TMHCC lines
878,cost-sharing-reductions,Cost-Sharing Reductions,P3,,Not specific to TMHCC lines
879,covered-auto-symbols,Covered Auto Symbols,P3,,Not specific to TMHCC lines
880,credibility,Credibility,P3,,Not specific to TMHCC lines
881,credit-for-reinsurance,Credit for Reinsurance,P3,,Not specific to TMHCC lines
882,cut-through-clause,Cut-Through Clause,P3,,Not specific to TMHCC lines
883,data-call,Data Call,P3,,Not specific to TMHCC lines
884,defense-outside-limits,Defense Outside Limits,P3,,Not specific to TMHCC lines
885,deferred-acquisition-costs,Deferred Acquisition Costs,P3,,Not specific to TMHCC lines
886,diligent-search,Diligent Search,P3,,Not specific to TMHCC lines
887,direct-written-premium,Direct Written Premium,P3,,Not specific to TMHCC lines
888,dual-eligible,Dual Eligible,P3,,Not specific to TMHCC lines
889,edi-834,EDI 834,P3,,Not specific to TMHCC lines
890,edi-835,EDI 835,P3,,Not specific to TMHCC lines
891,effective-dating,Effective Dating,P3,,Not specific to TMHCC lines
892,elevation-certificate,Elevation Certificate,P3,,Not specific to TMHCC lines
893,endowment,Endowment,P3,,Not specific to TMHCC lines
894,ensuing-loss,Ensuing Loss,P3,,Not specific to TMHCC lines
895,estoppel,Estoppel,P3,,Not specific to TMHCC lines
896,examination-under-oath,Examination Under Oath,P3,,Not specific to TMHCC lines
897,exceedance-probability,Exceedance Probability,P3,,Not specific to TMHCC lines
898,excepted-benefits,Excepted Benefits,P3,,Not specific to TMHCC lines
899,excess-of-policy-limits,Excess of Policy Limits,P3,,Not specific to TMHCC lines
900,excess-verdict,Excess Verdict,P3,,Not specific to TMHCC lines
901,exclusion-ratio,Exclusion Ratio,P3,,Not specific to TMHCC lines
902,exclusive-remedy,Exclusive Remedy,P3,,Not specific to TMHCC lines
903,expense-load,Expense Load,P3,,Not specific to TMHCC lines
904,extended-period-of-indemnity,Extended Period of Indemnity,P3,,Not specific to TMHCC lines
905,extended-term-insurance,Extended Term Insurance,P3,,Not specific to TMHCC lines
906,extra-contractual-obligations,Extra-Contractual Obligations,P3,,Not specific to TMHCC lines
907,financial-examination,Financial Examination,P3,,Not specific to TMHCC lines
908,flat-extra,Flat Extra,P3,,Not specific to TMHCC lines
909,float,Float,P3,,Not specific to TMHCC lines
910,floor-rate,Floor,P3,,Not specific to TMHCC lines
911,florida-hurricane-catastrophe-fund,Florida Hurricane Catastrophe Fund,P3,,Not specific to TMHCC lines
912,follow-the-fortunes,Follow the Fortunes,P3,,Not specific to TMHCC lines
913,form-a,Form A,P3,,Not specific to TMHCC lines
914,generalized-linear-model,Generalized Linear Model,P3,,Not specific to TMHCC lines
915,guaranteed-living-benefit,Guaranteed Living Benefit,P3,,Not specific to TMHCC lines
916,guaranteed-minimum-death-benefit,Guaranteed Minimum Death Benefit,P3,,Not specific to TMHCC lines
917,healthcare-common-procedure-coding-system,Healthcare Common Procedure Coding System,P3,,Not specific to TMHCC lines
918,hierarchical-condition-categories,Hierarchical Condition Categories,P3,,Not specific to TMHCC lines
919,ho-8,HO-8,P3,,Not specific to TMHCC lines
920,hours-clause,Hours Clause,P3,,Not specific to TMHCC lines
921,hybrid-life-long-term-care,Hybrid Life/Long-Term Care,P3,,Not specific to TMHCC lines
922,industry-loss-warranty,Industry Loss Warranty,P3,,Not specific to TMHCC lines
923,innocent-co-insured,Innocent Co-Insured,P3,,Not specific to TMHCC lines
924,installation-floater,Installation Floater,P3,,Not specific to TMHCC lines
925,insurance-holding-company,Insurance Holding Company,P3,,Not specific to TMHCC lines
926,insurance-linked-securities,Insurance-Linked Securities,P3,,Not specific to TMHCC lines
927,inter-company-arbitration,Inter-Company Arbitration,P3,,Not specific to TMHCC lines
928,jewelers-block,Jewelers Block,P3,,Not specific to TMHCC lines
929,lapse-rate,Lapse Rate,P3,,Not specific to TMHCC lines
930,suit-against-us-clause,Legal Action Against Us,P3,,Not specific to TMHCC lines
931,liberalization-clause,Liberalization Clause,P3,,Not specific to TMHCC lines
932,line,Line,P3,,Not specific to TMHCC lines
933,litigation-hold,Litigation Hold,P3,,Not specific to TMHCC lines
934,loss-development,Loss Development,P3,,Not specific to TMHCC lines
935,loss-development-factor,Loss Development Factor,P3,,Not specific to TMHCC lines
936,loss-development-triangle,Loss Development Triangle,P3,,Not specific to TMHCC lines
937,loss-ratio-corridor,Loss Ratio Corridor,P3,,Not specific to TMHCC lines
938,loss-sensitive-program,Loss-Sensitive Program,P3,,Not specific to TMHCC lines
939,market-value-adjustment,Market Value Adjustment,P3,,Not specific to TMHCC lines
940,mass-tort,Mass Tort,P3,,Not specific to TMHCC lines
941,mcs-90,MCS-90,P3,,Not specific to TMHCC lines
942,medicaid-managed-care,Medicaid Managed Care,P3,,Not specific to TMHCC lines
943,medical-information-bureau,Medical Information Bureau,P3,,Not specific to TMHCC lines
944,mental-health-parity,Mental Health Parity,P3,,Not specific to TMHCC lines
945,modified-endowment-contract,Modified Endowment Contract,P3,,Not specific to TMHCC lines
946,monopolistic-state-fund,Monopolistic State Fund,P3,,Not specific to TMHCC lines
947,morbidity-rate,Morbidity Rate,P3,,Not specific to TMHCC lines
948,mortality-rate,Mortality Rate,P3,,Not specific to TMHCC lines
949,mortality-table,Mortality Table,P3,,Not specific to TMHCC lines
950,net-amount-at-risk,Net Amount at Risk,P3,,Not specific to TMHCC lines
951,network-adequacy,Network Adequacy,P3,,Not specific to TMHCC lines
952,no-lapse-guarantee,No-Lapse Guarantee,P3,,Not specific to TMHCC lines
953,operating-ratio,Operating Ratio,P3,,Not specific to TMHCC lines
954,out-of-sequence-endorsement,Out-of-Sequence Endorsement,P3,,Not specific to TMHCC lines
955,override,Override,P3,,Not specific to TMHCC lines
956,own-risk-and-solvency-assessment,Own Risk and Solvency Assessment,P3,,Not specific to TMHCC lines
957,paid-up-additions,Paid-Up Additions,P3,,Not specific to TMHCC lines
958,participation-rate,Participation Rate,P3,,Not specific to TMHCC lines
959,per-risk-excess,Per Risk Excess of Loss,P3,,Not specific to TMHCC lines
960,policy-reserve,Policy Reserve,P3,,Not specific to TMHCC lines
961,policy-year,Policy Year,P3,,Not specific to TMHCC lines
962,policyholder-surplus,Policyholders' Surplus,P3,,Not specific to TMHCC lines
963,portfolio-transfer,Portfolio Transfer,P3,,Not specific to TMHCC lines
964,premium-to-surplus-ratio,Premium-to-Surplus Ratio,P3,,Not specific to TMHCC lines
965,principle-based-reserving,Principle-Based Reserving,P3,,Not specific to TMHCC lines
966,product-model,Product Model,P3,,Not specific to TMHCC lines
967,profit-commission,Profit Commission,P3,,Not specific to TMHCC lines
968,property-claim-services-catastrophe,Property Claim Services Catastrophe,P3,,Not specific to TMHCC lines
969,pure-premium,Pure Premium,P3,,Not specific to TMHCC lines
970,rate-adequacy,Rate Adequacy,P3,,Not specific to TMHCC lines
971,rate-indication,Rate Indication,P3,,Not specific to TMHCC lines
972,rate-version,Rate Version,P3,,Not specific to TMHCC lines
973,reasonable-expectations-doctrine,Reasonable Expectations Doctrine,P3,,Not specific to TMHCC lines
974,receivership,Receivership,P3,,Not specific to TMHCC lines
975,registered-index-linked-annuity,Registered Index-Linked Annuity,P3,,Not specific to TMHCC lines
976,reinstatement-premium,Reinstatement Premium,P3,,Not specific to TMHCC lines
977,reserve-development,Reserve Development,P3,,Not specific to TMHCC lines
978,respondeat-superior,Respondeat Superior,P3,,Not specific to TMHCC lines
979,retrocession,Retrocession,P3,,Not specific to TMHCC lines
980,retrocessionaire,Retrocessionaire,P3,,Not specific to TMHCC lines
981,retrospective-rating,Retrospective Rating,P3,,Not specific to TMHCC lines
982,return-period,Return Period,P3,,Not specific to TMHCC lines
983,risk-adjustment,Risk Adjustment,P3,,Not specific to TMHCC lines
984,risk-rating-2,Risk Rating 2.0,P3,,Not specific to TMHCC lines
985,risk-transfer-testing,Risk Transfer Testing,P3,,Not specific to TMHCC lines
986,run-off,Run-Off,P3,,Not specific to TMHCC lines
987,schedule-p,Schedule P,P3,,Not specific to TMHCC lines
988,short-tail,Short-Tail Line,P3,,Not specific to TMHCC lines
989,space-insurance,Space Insurance,P3,,Not specific to TMHCC lines
990,statistical-plan,Statistical Plan,P3,,Not specific to TMHCC lines
991,statistical-reporting,Statistical Reporting,P3,,Not specific to TMHCC lines
992,stranger-originated-life-insurance,Stranger-Originated Life Insurance,P3,,Not specific to TMHCC lines
993,strict-liability,Strict Liability,P3,,Not specific to TMHCC lines
994,supplementary-payments,Supplementary Payments,P3,,Not specific to TMHCC lines
995,surplus-treaty,Surplus Treaty,P3,,Not specific to TMHCC lines
996,tort-threshold,Tort Threshold,P3,,Not specific to TMHCC lines
997,treaty-renewal-date,Treaty Renewal Date,P3,,Not specific to TMHCC lines
998,ub-04,UB-04,P3,,Not specific to TMHCC lines
999,uberrimae-fidei,Uberrimae Fidei,P3,,Not specific to TMHCC lines
1000,ultimate-loss,Ultimate Loss,P3,,Not specific to TMHCC lines
1001,umpire,Umpire,P3,,Not specific to TMHCC lines
1002,unallocated-loss-adjustment-expense,Unallocated Loss Adjustment Expense,P3,,Not specific to TMHCC lines
1003,underwriting-cycle,Underwriting Cycle,P3,,Not specific to TMHCC lines
1004,underwriting-year,Underwriting Year,P3,,Not specific to TMHCC lines
1005,unearned-premium-reserve,Unearned Premium Reserve,P3,,Not specific to TMHCC lines
1006,unfair-discrimination,Unfair Discrimination,P3,,Not specific to TMHCC lines
1007,unilateral-contract,Unilateral Contract,P3,,Not specific to TMHCC lines
1008,use-and-file,Use and File,P3,,Not specific to TMHCC lines
1009,utilization-review,Utilization Review,P3,,Not specific to TMHCC lines
1010,value-based-care,Value-Based Care,P3,,Not specific to TMHCC lines
1011,variable-life-insurance,Variable Life Insurance,P3,,Not specific to TMHCC lines
1012,symbol-rating,Vehicle Symbol,P3,,Not specific to TMHCC lines
1013,viatical-settlement,Viatical Settlement,P3,,Not specific to TMHCC lines
1014,vicarious-liability,Vicarious Liability,P3,,Not specific to TMHCC lines
1015,waiver,Waiver,P3,,Not specific to TMHCC lines
1016,write-your-own,Write Your Own Program,P3,,Not specific to TMHCC lines
