Old ID,New ID
a-plus-report,automated-property-loss-underwriting-system-report
aais,american-association-of-insurance-services
acord,association-for-cooperative-operations-research-and-development
chip,childrens-health-insurance-program
clue-report,comprehensive-loss-underwriting-exchange-report
cms,centers-for-medicare-and-medicaid-services
cobra,consolidated-omnibus-budget-reconciliation-act
cope,construction-occupancy-protection-exposure
cpt-code,current-procedural-terminology-code
epo,exclusive-provider-organization
erisa,employee-retirement-income-security-act
fair-plan,fair-access-to-insurance-requirements-plan
fcra,fair-credit-reporting-act
fema,federal-emergency-management-agency
gaap,generally-accepted-accounting-principles
glba,gramm-leach-bliley-act
hcpcs,healthcare-common-procedure-coding-system
hipaa,health-insurance-portability-and-accountability-act
hmo,health-maintenance-organization
hybrid-life-ltc,hybrid-life-long-term-care
ibnr,incurred-but-not-reported
icd-10,international-classification-of-diseases-10th-revision
iso,insurance-services-office
naic,national-association-of-insurance-commissioners
naics-code,north-american-industry-classification-system-code
ncci,national-council-on-compensation-insurance
nipr,national-insurance-producer-registry
ofac,office-of-foreign-assets-control
pbgc,pension-benefit-guaranty-corporation
pcs-catastrophe,property-claim-services-catastrophe
pos-plan,point-of-service-plan
ppo,preferred-provider-organization
rma,risk-management-agency
serff,system-for-electronic-rates-and-forms-filing
sic-code,standard-industrial-classification-code
stoli,stranger-originated-life-insurance
technology-errors-omissions,technology-errors-and-omissions
third-party-epli,third-party-employment-practices-liability-insurance
usl-h,united-states-longshore-and-harbor-workers-compensation
vin,vehicle-identification-number
