ID,Field,Current,Proposed,Reason,Severity,Source URL,Confidence
life.annuities.deferred.qlac,US Notes,"Premium limit set by IRS (indexed; $200,000 after SECURE 2.0). Excluded from required minimum distributions until payments start.","Premium limit set by IRS and indexed for inflation ($210,000 for 2025 and 2026, up from $200,000 set by SECURE 2.0). Excluded from required minimum distributions until payments start.","The $200,000 figure is out of date; IRS Notice 2025-67 keeps the QLAC limit at $210,000 for 2026.",High,https://www.irs.gov/pub/irs-drop/n-25-67.pdf,High
specialty.professional_liability.lawyers_pl,US Notes,Oregon requires it for lawyers (through the Oregon State Bar PLF); most states require disclosure of whether lawyers carry it.,"Only Oregon (through the Oregon State Bar PLF, since 1978) and Idaho (since 2018) require private-practice lawyers to carry it. About half the states require lawyers to disclose whether they carry it, either to clients or on bar registration forms.","Idaho has required malpractice cover since 1 Jan 2018, so Oregon is not the only state. 'Most states require disclosure' overstates it: the ABA counts roughly 7 states with direct client disclosure and about 18 with registration disclosure (about 25, i.e. about half).",High,https://mnbar.org/resources/publications/bench-bar/columns/2019/10/02/practicing-law-without-liability-insurance ; https://www.abajournal.com/magazine/article/disclosure_rules,Medium
property.homeowners,Plain-English Description,"Package policy for homes that combines cover for the dwelling, other structures, belongings, loss of use (extra living costs) and personal liability. Standard ISO forms are numbered HO-1 to HO-8.","Package policy for homes that combines cover for the dwelling, other structures, belongings, loss of use (extra living costs) and personal liability. The current ISO homeowners forms are HO-2, HO-3, HO-4, HO-5, HO-6 and HO-8; HO-1 has been withdrawn in nearly all states, and 'HO-7' is an industry label for mobile home cover, not an ISO form.","ISO has no HO-7 form (mobile homes are written with endorsement MH 04 01 attached to HO-2 or HO-3), and the HO-1 form has been withdrawn in nearly all states, so 'standard ISO forms numbered HO-1 to HO-8' is inaccurate.",High,https://www.propertycasualty360.com/fcs/2013/01/03/mobilehome-insurance ; https://www.irmi.com/term/insurance-definitions/homeowners-policy-basic-form-1,High
casualty.specialty_liability.liquor,US Notes,Required by dram shop laws in many states; CGL excludes it for businesses selling alcohol.,"Dram shop laws in many states make businesses that serve alcohol liable for harm caused by intoxicated customers, and some states (e.g. Minnesota) require liquor licensees to prove liability cover. The CGL excludes this risk for businesses that make, sell or serve alcohol.",Dram shop laws create liability; they do not themselves require insurance. The insurance requirement comes from separate licensing laws in some states (e.g. Minn. Stat. 340A.409).,High,https://www.revisor.mn.gov/statutes/2006/cite/340A.409,High
health.major_medical.individual_market,US Notes,Sold on HealthCare.gov or a state-run exchange (e.g. Covered California). Premium tax credits available on-exchange by income. Open enrollment runs each fall.,"Sold on HealthCare.gov or a state-run exchange (e.g. Covered California). Premium tax credits are available on-exchange by income; the temporary 'enhanced' credits expired at the end of 2025, so from 2026 households above 400% of the federal poverty level again get no credit. Open enrollment starts Nov 1 each year (HealthCare.gov runs to Jan 15; state exchange dates vary).",Omits the 2026 return of the 400% FPL subsidy cliff after the enhanced credits expired; 'runs each fall' is imprecise because HealthCare.gov open enrollment runs to Jan 15.,Medium,https://www.healthaffairs.org/do/10.1377/forefront.20260610.238555 ; https://rscapital.com/2026/01/12/will-aca-plan-enrollees-see-premium-relief-soon/,Medium
health.major_medical.short_term,US Notes,Federal duration limits have changed several times (2018 and 2024 rules; check current federal status). Some states restrict or ban it outright.,"A 2024 federal rule limited STLDI to 3 months (4 months with renewals), but in August 2025 the federal agencies said they would not enforce those limits while they write a new rule. Some states restrict or ban it outright.",The current note tells readers to 'check current federal status' instead of giving it; the 7 Aug 2025 non-enforcement statement is the current federal position.,Medium,https://www.dol.gov/agencies/ebsa/laws-and-regulations/laws/affordable-care-act/for-employers-and-advisers/short-term-limited-duration-insurance/stldi-statement-08-07-2025,High
health.tax_advantaged_accounts.hsa,US Notes,Contribution limits set yearly by the IRS; triple tax advantage.,"Contribution limits set yearly by the IRS; triple tax advantage. From 2026, all bronze and catastrophic plans count as HSA-eligible, and people with certain direct primary care arrangements can contribute (One Big Beautiful Bill Act; IRS Notice 2026-5).",Leaves out the 2026 federal change that widened HSA eligibility.,Medium,https://www.irs.gov/node/153161 ; https://rsmus.com/insights/services/business-tax/irs-notice-2026-expanded-hdhp-definition-obbba-broadens-hsa.html,High
health.major_medical.individual_market.catastrophic,US Notes,Not eligible for premium tax credits.,Not eligible for premium tax credits. Treated as HSA-eligible from 2026.,Leaves out the 2026 change that made catastrophic (and bronze) plans HSA-compatible.,Medium,https://www.irs.gov/node/153161,High
social.medicaid,US Notes,Each state runs its own program within federal rules; 40 states plus DC have expanded Medicaid under the ACA to adults up to 138% of the federal poverty level. Most enrollees are in private managed care plans contracted by the state.,"Each state runs its own program within federal rules; 40 states plus DC have expanded Medicaid under the ACA to adults up to 138% of the federal poverty level. Most enrollees are in private managed care plans contracted by the state. Under the 2025 One Big Beautiful Bill Act, expansion adults face work/community-engagement requirements (80 hours a month) and 6-month eligibility renewals starting by Dec 31, 2026.",Leaves out major federal changes that take effect at the end of 2026. The expansion count (41 including DC) is still correct per KFF.,Medium,https://www.kff.org/affordable-care-act/state-indicator/state-activity-around-expanding-medicaid-under-the-affordable-care-act/ ; https://www.asahq.org/advocacy-and-asapac/fda-and-washington-alerts/washington-alerts/2025/07/hr1-the-one-big-beautiful-bill-act-major-health-related-provisions,Medium
life.term,US Notes,The most common individual life product sold in the US by policy count.,One of the most widely bought individual life products and the cheapest per dollar of cover; whole life and indexed UL now bring in more new premium.,"'Most common by policy count' has no source. LIMRA reports whole life (37%) and IUL (25%) ahead of term (17%) on new premium in 2025, and whole life policy counts grew faster.",Medium,https://www.limra.com/en/newsroom/news-releases/2026/limra-u.s.-individual-life-insurance-new-premium-tops-$17.5-billion-to-set-new-sales-record-in-2025/,Low
life.permanent.universal.iul,Plain-English Description,"Cash value earns interest linked to a stock market index (e.g. the S&P 500), subject to a cap and a floor (often 0%), so it doesn't lose value from market drops.","Cash value earns interest linked to a stock market index (e.g. the S&P 500), subject to a cap and a floor (often 0%). The floor stops index losses, but policy charges and cost of insurance can still reduce the cash value.","Saying it 'doesn't lose value from market drops' is misleading: monthly charges come out even in 0% years, so cash value can fall.",Medium,https://www.wealthmanagement.com/insurance/clients-misunderstanding-about-indexed-policies,Medium
property.homeowners.ho7,Name,HO-7 Mobile Home Form,Mobile / Manufactured Home Insurance,'HO-7' is not an ISO form (ISO uses endorsement MH 04 01 on HO-2/HO-3). Presenting it as a standard form misleads learners. Keep 'HO-7' as an Also Known As label.,Medium,https://www.propertycasualty360.com/fcs/2013/01/03/mobilehome-insurance,High
property.homeowners.ho7,Also Known As,Manufactured home insurance,Manufactured home insurance; HO-7 (non-ISO label),Goes with the name change above.,Medium,https://www.propertycasualty360.com/fcs/2013/01/03/mobilehome-insurance,High
life.group_life,Name,Group Life & Employee Benefits,Group & Business Life Insurance,"Key person, buy-sell, COLI and split-dollar are individually underwritten policies owned by businesses, not group life. Either rename the parent (this row) or move rows 44-47 to a new 'Business-Owned Life Insurance' node under Life.",Medium,(reasoning: product structure; see IRC 101(j) for employer-owned individual policies) https://www.law.cornell.edu/uscode/text/26/101,Medium
life.group_life.key_person,Parent ID,life.group_life,"life.business_life (new level-2 node 'Business-Owned Life Insurance'), or keep under renamed life.group_life","This is an individual policy owned by a business, not group life (alternative to renaming the parent).",Medium,(reasoning),Medium
life.group_life.buy_sell,Parent ID,life.group_life,"life.business_life (new level-2 node 'Business-Owned Life Insurance'), or keep under renamed life.group_life","This is an individual policy owned by a business, not group life (alternative to renaming the parent).",Medium,(reasoning),Medium
life.group_life.coli,Parent ID,life.group_life,"life.business_life (new level-2 node 'Business-Owned Life Insurance'), or keep under renamed life.group_life","This is an individual policy owned by a business, not group life (alternative to renaming the parent).",Medium,(reasoning),Medium
life.group_life.split_dollar,Parent ID,life.group_life,"life.business_life (new level-2 node 'Business-Owned Life Insurance'), or keep under renamed life.group_life","This is an individual policy owned by a business, not group life (alternative to renaming the parent).",Medium,(reasoning),Medium
health.disability.add,Parent ID,health.disability,health.supplemental (next to Accident Insurance) or life.group_life,"AD&D pays for accidental death or loss of a limb. It is an accident/life product, not income replacement for disability, and the row itself says it is 'often bundled with group life'.",Medium,(reasoning),Medium
life.annuities.deferred.qlac,Name,Qualified Longevity Annuity Contract (QLAC),Qualifying Longevity Annuity Contract (QLAC),"The IRS regulation (Treas. Reg. 1.401(a)(9)-6(q)) uses 'qualifying', not 'qualified'.",Low,https://www.irs.gov/pub/irs-drop/n-25-67.pdf,High
health.medicare_private.part_d,US Notes,"Inflation Reduction Act capped Part D out-of-pocket spending at $2,000 in 2025 (indexed after).","The Inflation Reduction Act capped Part D out-of-pocket drug spending at $2,000 in 2025; the cap is indexed and is $2,100 in 2026.",Add the current-year figure.,Low,https://business.optum.com/en/support/hcp-resources/medicare-part-d-changes-2026.html,High
health.medicare_private.medicare_advantage,US Notes,Now covers roughly half of Medicare beneficiaries. Annual enrollment Oct 15-Dec 7.,Covers more than half of eligible Medicare beneficiaries (54% in 2025). Annual Medicare open enrollment runs Oct 15-Dec 7.,'Roughly half' understates it; KFF puts 2025 enrollment at 54%.,Low,https://homehealthcarenews.com/2025/07/medicare-advantage-enrollment-reaches-54-in-2025-drives-rising-federal-spending/,High
health.medicare_private.medigap.plan_f,US Notes,"Closed to people newly eligible for Medicare on or after Jan 1, 2020 (MACRA).","Plans C and F are closed to people newly eligible for Medicare on or after Jan 1, 2020 (MACRA), because new plans can no longer cover the Part B deductible.",Plan C is closed by the same rule; add it for completeness.,Low,https://www.medicare.gov/health-drug-plans/medigap/basics/how-medigap-works,High
property.catastrophe.fair_plan,US Notes,"About 30+ states plus DC have FAIR plans; usually named-peril cover that may need a separate ""difference in conditions"" policy.",About 33 states plus DC have FAIR plans; usually named-peril cover that may need a separate 'difference in conditions' policy.,Give the more precise count reported by the Insurance Information Institute.,Low,https://insurancebusinessmag.com/us/guides/what-are-fair-insurance-plans-172588.aspx,Medium
property.catastrophe.earthquake,Plain-English Description,"Covers damage from earthquakes, typically with a deductible of 10-25% of the dwelling limit.","Covers damage from earthquakes, typically with a deductible of 5-25% of the dwelling limit.","The California Earthquake Authority offers 5%, 10%, 15%, 20% and 25% deductibles.",Low,https://www.earthquakeauthority.com/california-earthquake-insurance-policies/homeowners/coverages-and-deductibles,High
property.catastrophe.flood.nfip,US Notes,Premiums set by FEMA's Risk Rating 2.0 method; usually a 30-day waiting period. Program requires periodic reauthorization by Congress.,"Premiums set by FEMA's Risk Rating 2.0 method; usually a 30-day waiting period. The program needs periodic reauthorization by Congress (most recently extended to Dec 11, 2026); if it lapses, FEMA pays claims but cannot sell or renew policies.","Adds the current deadline and what a lapse means. Dates change often, so review this regularly.",Low,https://www.fema.gov/flood-insurance/rules-legislation/congressional-reauthorization,Medium
casualty.workers_comp.competitive_state_fund,US Notes,"Examples: SCIF (California), NYSIF (New York), Texas Mutual.","Examples: SCIF (California), NYSIF (New York), Texas Mutual (created by the Texas legislature and now a private mutual that acts as the state's insurer of last resort).",Texas Mutual has not been a state fund since 2001; it is a domestic mutual and not a state agency.,Low,https://www.texasmutual.com/abouttxm/history-and-vision,High
social.state_disability,US Notes,"Temporary disability programs exist in CA, HI, NJ, NY, RI and PR. A growing number of states (e.g. WA, MA, CT, OR, CO, MD, MN, DE, ME) have paid family and medical leave programs.","Temporary disability programs exist in CA, HI, NJ, NY, RI and PR. Paid family and medical leave programs pay benefits in CA, NJ, NY, RI, WA, MA, CT, OR, CO, MN, DE, ME and DC; Maryland's benefits are delayed to 2028.",Maryland is not paying benefits yet; MN and DE started in Jan 2026 and ME in May 2026.,Low,https://www.newamerica.org/insights/explainer-paid-and-unpaid-leave-policies-in-the-united-states/,Medium
life.permanent.universal.gul,US Notes,Popular for estate planning; reserves governed by NAIC Actuarial Guideline 38 (AXXX).,Popular for estate planning. Reserves for older policies follow NAIC Actuarial Guideline 38 (AXXX); policies issued from 2020 use principles-based reserving (VM-20).,AG 38 no longer governs new-business reserves since VM-20 became mandatory on 1 Jan 2020.,Low,https://actuary.org/content/life-principle-based-reserves-under-vm-20,Medium
health.major_medical.group_health.ichra,US Notes,Created by federal rule in 2020.,"Created by a 2019 federal rule, available from Jan 1, 2020.",The rule was finalized in June 2019 and took effect for plan years from 2020.,Low,https://www.federalregister.gov/documents/2019/06/20/2019-12571/health-reimbursement-arrangements-and-other-account-based-group-health-plans,High
agriculture.federal_crop.supplemental_coverage,US Notes,SCO was created by the 2014 Farm Bill; ECO added by RMA in 2021.,SCO was created by the 2014 Farm Bill; ECO added by RMA in 2021. From the 2026 crop year the premium subsidy for SCO and ECO rose to 80% (One Big Beautiful Bill Act).,Adds the 2026 subsidy change.,Low,https://www.rma.usda.gov/policy-procedure/bulletins-memos/managers-bulletin/mgr-25-006-one-big-beautiful-bill-act-amendment,High
life.annuities.deferred.fia,Plain-English Description,"Interest is linked to a market index with a cap and a zero floor, so principal isn't lost to market drops.","Interest is linked to a market index with a cap and a zero floor, so principal isn't lost to market drops (though surrender charges and rider fees can reduce what you get back if you withdraw early).",Adds a caveat so the no-loss claim isn't overstated.,Low,(reasoning),Medium
property,Name,Personal Property Insurance,Home & Personal Property Insurance,"In insurance, 'personal property' means belongings (Coverage C), so a branch named 'Personal Property Insurance' that covers dwellings will confuse learners.",Low,(reasoning),Medium
