ID,Parent ID,Level,Name,Also Known As,Plain-English Description,Example,Personal/Commercial/Both,US Notes,Full Path
health.major_medical.group_health.stop_loss.captive_stop_loss,health.major_medical.group_health.stop_loss,5,Medical Stop-Loss Captive,Group stop-loss captive; Employer stop-loss captive,"Lets several self-funded employers share a layer of stop-loss risk through a captive, with an insurer covering the very large claims above that layer.","Forty mid-sized employers pool the first $250,000 of each large claim above their deductibles in a captive and share any surplus.",Commercial,,Health Insurance > Major Medical (Comprehensive) > Employer Group Health > Medical Stop-Loss > Medical Stop-Loss Captive
health.major_medical.group_health.stop_loss.organ_transplant,health.major_medical.group_health.stop_loss,5,Organ Transplant Carve-Out,Transplant stop-loss; Transplant coverage,"Moves the cost of covered organ transplants out of a self-funded health plan to an insurer, alongside the plan's regular stop-loss.",An employee needs a liver transplant and the transplant policy pays the hospital bills instead of the employer's plan.,Commercial,,Health Insurance > Major Medical (Comprehensive) > Employer Group Health > Medical Stop-Loss > Organ Transplant Carve-Out
health.major_medical.group_health.stop_loss.cell_gene_therapy,health.major_medical.group_health.stop_loss,5,Cell & Gene Therapy Carve-Out,CGT stop-loss; Gene therapy coverage,Insures a health plan against the very high one-off cost of approved cell and gene therapies.,A child on an employer plan receives a gene therapy costing about $2 million and the carve-out policy pays it.,Commercial,"Separately, CMS runs a Cell and Gene Therapy Access Model for Medicaid sickle cell gene therapies; 33 states plus DC and Puerto Rico signed up (2025).",Health Insurance > Major Medical (Comprehensive) > Employer Group Health > Medical Stop-Loss > Cell & Gene Therapy Carve-Out
health.major_medical.group_health.taft_hartley,health.major_medical.group_health,4,Multiemployer (Taft-Hartley) Health Plan,Taft-Hartley plan; Union health and welfare fund,"A health plan run by a union trust that covers workers of many employers under a collective bargaining agreement, often self-funded with stop-loss.",Construction workers who move between contractors keep coverage through their union's health fund.,Commercial,"Set up under section 302(c)(5) of the Labor Management Relations Act of 1947, which requires a written trust run by equal numbers of employer and union trustees.",Health Insurance > Major Medical (Comprehensive) > Employer Group Health > Multiemployer (Taft-Hartley) Health Plan
health.supplemental.medical_gap,health.supplemental,3,Group Medical Gap Insurance,Gap plan; Deductible reimbursement plan,Employer-paid supplemental cover that pays part of the deductible and coinsurance left by the group major medical plan.,"An employee's $3,000 hospital deductible is mostly paid by the gap plan directly to the hospital.",Commercial,,Health Insurance > Supplemental Health (Voluntary Benefits) > Group Medical Gap Insurance
health.disability.high_limit,health.disability,3,High-Limit Disability Insurance,Excess disability; Jumbo disability,Disability cover for high earners whose income is above the most that standard disability insurers will cover.,A surgeon earning $1.5 million a year buys extra monthly disability benefits on top of her regular policy.,Personal,"Usually written in the surplus lines market, most often at Lloyd's; California's surplus lines export list includes 'high limits disability' above admitted issue and participation limits.",Health Insurance > Disability Insurance > High-Limit Disability Insurance
health.disability.key_person_disability,health.disability,3,Key Person Disability,Key man disability; Contingent personal accident,"Pays a business if an essential owner, executive or star performer is disabled and the business loses revenue or must find a replacement.",A software firm receives a lump sum to hire a new CTO after its founder is disabled in a car crash.,Commercial,,Health Insurance > Disability Insurance > Key Person Disability
specialty.professional_liability.contractors_pl,specialty.professional_liability,3,Contractors Professional Liability,Contractors E&O; Design-build professional liability,"Covers contractors for mistakes in design and other professional services they provide or subcontract, which a CGL policy does not cover.",A design-build contractor is sued after its engineered roof design fails and must be rebuilt.,Commercial,,Specialty Insurance > Professional Liability (E&O) > Contractors Professional Liability
specialty.professional_liability.medical_billing_eo,specialty.professional_liability,3,Medical Billing E&O,Billing errors and omissions; Regulatory billing E&O,"Covers medical billers and healthcare providers for coding and billing mistakes, including the cost of defending billing audits by government or private payers.",A billing company submits claims to the wrong insurer and the clinic sues it for lost revenue.,Commercial,,Specialty Insurance > Professional Liability (E&O) > Medical Billing E&O
specialty.event.over_redemption,specialty.event,3,Over-Redemption Insurance,Promotional risk insurance; Coupon redemption insurance,"Pays a marketer's extra costs if a coupon, rebate or money-back offer is claimed by far more customers than expected.",A rebate offer expected to be claimed by 5% of buyers is claimed by 20% and the insurer pays the excess.,Commercial,,Specialty Insurance > Event & Entertainment Insurance > Over-Redemption Insurance
specialty.weather.promotion_weather,specialty.weather,3,Weather Promotion Insurance,Promotional weather insurance; Rain-back promotion,Pays a retailer back for refunds it promised customers if a named weather event happens on a set date.,A jeweler promises full refunds if it snows 3 inches on New Year's Day; it snows and the insurer pays the refunds.,Commercial,,Specialty Insurance > Weather Insurance > Weather Promotion Insurance
specialty.sports.contractual_bonus,specialty.sports,3,Contractual Bonus Insurance,Performance bonus insurance,"Pays a team, sponsor or studio the bonus it owes an athlete or entertainer who hits a performance target in their contract.",A team owes its quarterback a $1 million bonus for reaching the playoffs and the policy pays it.,Commercial,,Specialty Insurance > Sports & Contingency > Contractual Bonus Insurance
specialty.sports.amateur_sports,specialty.sports,3,Amateur Sports Insurance,Youth sports insurance; League insurance,"Package of liability and participant accident cover for amateur teams, leagues, camps and clubs.","A youth soccer league buys cover for coaches, volunteers and players' accident medical bills.",Commercial,,Specialty Insurance > Sports & Contingency > Amateur Sports Insurance
casualty.specialty_liability.special_events_liability.tulip,casualty.specialty_liability.special_events_liability,4,Tenant User Liability (TULIP),Tenant user liability insurance policy; Facility user liability,A venue's own program that lets people who rent its space buy the event liability cover the venue requires.,A couple renting a town hall for a wedding buys liability cover through the hall's online link.,Both,,Casualty & Liability Insurance > Specialty Casualty Lines > Special Event Liability > Tenant User Liability (TULIP)
financial.surety.commercial_surety.game_promotion,financial.surety.commercial_surety,4,Game Promotion (Sweepstakes) Bond,Sweepstakes bond; Game of chance bond,A surety bond a sweepstakes or contest sponsor files with a state to guarantee the promised prizes will be awarded.,"A soft drink brand runs a $50,000 sweepstakes and files a bond in Florida before launch.",Commercial,"Florida (Fla. Stat. 849.094) requires a trust account, surety bond or waiver for game promotions with prizes over $5,000; New York also requires bonding and registration over $5,000, and Rhode Island requires registration only (over $500).",Financial Lines > Surety Bonds > Commercial Surety > Game Promotion (Sweepstakes) Bond
financial.surety.commercial_surety.energy_bonds,financial.surety.commercial_surety,4,Oil & Gas Bonds,Plugging and abandonment bonds; Decommissioning bonds; Lease bonds,Surety bonds that guarantee energy operators will meet lease duties such as plugging wells and removing platforms.,An offshore operator posts a bond so the government is not left paying to remove its platform.,Commercial,"Offshore, BOEM requires base lease bonds and may require supplemental financial assurance for decommissioning (30 CFR Part 556, Subpart I).",Financial Lines > Surety Bonds > Commercial Surety > Oil & Gas Bonds
financial.credit.non_trade_credit,financial.credit,3,Non-Trade Credit Insurance,Lender non-payment insurance; Bank credit insurance,Protects banks and other lenders if a borrower fails to repay a loan or trade-finance facility.,A bank insures 80% of a loan to a foreign company so it can lend more within its risk limits.,Commercial,,Financial Lines > Credit Insurance > Non-Trade Credit Insurance
specialty.political_risk.sovereign_non_payment,specialty.political_risk,3,Sovereign Non-Payment,Public buyer default; Non-honoring of sovereign financial obligations,Covers exporters and lenders when a government or state-owned buyer fails to pay what it owes.,A state-owned utility abroad fails to pay a US equipment maker for delivered turbines.,Commercial,,Specialty Insurance > Political Risk Insurance (PRI) > Sovereign Non-Payment
specialty.active_assailant,specialty,2,Active Assailant Insurance,Active shooter insurance; Deadly weapon protection,"Covers costs after an attack with a gun, knife, vehicle or other weapon, such as crisis response, victim support, business interruption and legal liability.","After a shooting at a shopping center, the policy pays for counseling, security upgrades and lost rent.",Commercial,,Specialty Insurance > Active Assailant Insurance
specialty.kr.maritime_piracy,specialty.kr,3,Maritime Piracy (Marine K&R),Piracy insurance; Marine kidnap and ransom,Covers ransom and related costs when a ship or its crew is seized by pirates.,Pirates hold a cargo ship off East Africa and the policy pays the ransom and crisis consultants.,Commercial,Paying ransom to sanctioned persons is prohibited by OFAC.,"Specialty Insurance > Kidnap, Ransom & Extortion (K&R) > Maritime Piracy (Marine K&R)"
casualty.specialty_liability.abuse_molestation,casualty.specialty_liability,3,Sexual Abuse & Molestation Liability,SAM liability; Sexual misconduct and molestation (SML),"Covers organizations against claims of sexual abuse by staff or volunteers, including claims of negligent hiring or supervision, which most CGL policies exclude.",A youth camp is sued for failing to supervise a counselor accused of abuse.,Commercial,,Casualty & Liability Insurance > Specialty Casualty Lines > Sexual Abuse & Molestation Liability
casualty.specialty_liability.tenant_discrimination,casualty.specialty_liability,3,Tenant Discrimination Liability,Fair housing liability,"Covers landlords and property managers against claims that they discriminated against current, past or would-be tenants.",An applicant who uses a wheelchair says an apartment manager refused to rent to her.,Commercial,Housing discrimination is barred by the federal Fair Housing Act (42 U.S.C. 3601 and following) and state and local laws.,Casualty & Liability Insurance > Specialty Casualty Lines > Tenant Discrimination Liability
commercial.energy,commercial,2,Energy Insurance,Oil and gas insurance; Energy package,"Specialist property, liability and well-control cover for oil, gas and power businesses, onshore and offshore.","An offshore oil producer insures its platform, pipelines and the cost of regaining control of a well.",Commercial,"Offshore facilities must show oil spill financial responsibility under OPA 90 (30 CFR Part 553), starting at $35 million; insurance is one accepted method.",Commercial Lines (Business Property & Packages) > Energy Insurance
commercial.energy.control_of_well,commercial.energy,3,Control of Well,Operator's extra expense (OEE); Well control insurance,"Pays to regain control of a blown-out oil or gas well, plus re-drilling and pollution clean-up costs.",A gas well blows out during drilling and the policy pays the well-control specialists.,Commercial,,Commercial Lines (Business Property & Packages) > Energy Insurance > Control of Well
commercial.energy.renewable_energy,commercial.energy,3,Renewable Energy Insurance,Renewables insurance; Wind and solar insurance,"Covers wind, solar, battery and other clean-energy projects against damage, breakdown, lost revenue and liability during building and operation.",Hail smashes panels at a solar farm and the policy pays for repairs and lost power sales.,Commercial,,Commercial Lines (Business Property & Packages) > Energy Insurance > Renewable Energy Insurance
commercial.packages.public_entity,commercial.packages,3,Public Entity Insurance,Municipal insurance; Public entity package,"Package of property, liability, auto and management cover designed for towns, counties, school and water districts and other local governments.","A township insures its town hall, snowplows, police liability and officials under one program.",Commercial,"AGRiP estimates at least 80% of US local public entities belong to one or more public entity risk pools instead of, or as well as, buying commercial insurance.",Commercial Lines (Business Property & Packages) > Business Package Policies > Public Entity Insurance
specialty.management_liability.public_officials,specialty.management_liability,3,Public Officials Liability,Public officials E&O; POL,Covers elected and appointed officials and their public body for claims over decisions they make in office.,A zoning board is sued by a developer after it denies a building permit.,Commercial,,Specialty Insurance > Management Liability > Public Officials Liability
financial.residual_value,financial,2,Residual Value Insurance,Residual value guarantee (RVG); RVI,"Guarantees that an asset such as a plane, vehicle or building will be worth at least an agreed amount on a future date, paying the shortfall if it is worth less.",A lessor insures that a leased jet will be worth $20 million at lease end and is paid the difference when it sells for $16 million.,Commercial,,Financial Lines > Residual Value Insurance
